delete from cart_detail;
delete from shopping_cart;
delete from shoppers_program;
delete from belongs_to;
delete from publishes;
delete from publisher;
delete from products;
delete from taxed;
delete from zip_tax;
delete from store;

insert into store 
Values
(1010,'524 Trenton Rd.','Centereach','NY',11720,'10:00:00','19:00:00'),
(1020,'92 Academy St.','Ronkonkoma','NY',11779,'10:00:00','19:00:00'),
(1030,'874 Somerset St.','Andover','MA',01810,'10:00:00','19:00:00'),
(1040,'809 Saxton St.','Lowell','MA',01851,'10:00:00','19:00:00'),
(1050,'8024 West Mechanic Drive','Grove City','OH',43123,'10:00:00','19:00:00'),
(1060,'53 Oak Street','Mankato','MN',56001,'10:00:00','19:00:00'),
(1070,'7 Rosewood Dr.','Jersey City','NJ',07302,'10:00:00','19:00:00'),
(1080,'7 Orchard Lane','Piqua','OH',45356,'10:00:00','19:00:00'),
(1090,'933 Nichols Ave.','Staten Island','NY',10301,'10:00:00','19:00:00'),
(1100,'76 Union Street','Egg Harbor Township','NJ',08234,'10:00:00','19:00:00'),
(1110,'50 Oak Court','Gibsonia','PA',15044,'10:00:00','19:00:00'),
(1120,'8667 County Ave.','Pewaukee','WI',53072,'10:00:00','19:00:00'),
(1130,'7803 Sunset Court','Yakima','WA',98908,'10:00:00','19:00:00'),
(1140,'7515 Temple Road','Champlin','MN',55316,'10:00:00','19:00:00'),
(1150,'9498 New Lane','Brentwood','NY',11717,'10:00:00','19:00:00'),
(1160,'77 East Bellevue Rd.','Atlantic City','NJ',08401,'10:00:00','19:00:00'),
(1170,'7659 Eagle Road','Meadville','PA',16335,'10:00:00','19:00:00'),
(1180,'42 North Bay Meadows Ave.','Cockeysville','MD',21030,'10:00:00','19:00:00'),
(1190,'67 Goldfield Ave.','Middleburg','FL',32068,'10:00:00','19:00:00'),
(1200,'47 West Military Rd.','Asbury Park','NJ',07712,'10:00:00','19:00:00'),
(1210,'69 Newcastle St.','Medford','MA',02155,'10:00:00','19:00:00'),
(1220,'697 NE. Newport Dr.','Cranberry Township','PA',16066,'10:00:00','19:00:00'),
(1230,'772 W. Pacific St.','Glenside','PA',19038,'10:00:00','19:00:00'),
(1240,'47 SW. Sierra Court','Michigan City','IN',46360,'10:00:00','19:00:00'),
(1250,'524 New Street','Rowlett','TX',75088,'10:00:00','19:00:00'),
(1260,'507 Primrose St.','Biloxi','MS',39532,'10:00:00','19:00:00'),
(1270,'9994 West Green Hill Rd.','Irmo','SC',29063,'10:00:00','19:00:00'),
(1280,'550 Trusel Street','Deerfield Beach','FL',33442,'10:00:00','19:00:00'),
(1290,'14 Lafayette Road','Nashville','TN',37205,'10:00:00','19:00:00'),
(1300,'60 Heritage Lane','Mechanicsburg','PA',17050,'10:00:00','19:00:00'),
(1310,'313 Beacon Court','Livonia','MI',48150,'10:00:00','19:00:00'),
(1320,'616 Shady Street','Victoria','TX',77904,'10:00:00','19:00:00'),
(1330,'31 Center St.','Durham','NC',27703,'10:00:00','19:00:00'),
(1340,'8 Rockledge Ave.','Brainerd','MN',56401,'10:00:00','19:00:00'),
(1350,'8705 Ridge Street','Bloomfield','NJ',07003,'10:00:00','19:00:00'),
(1360,'3 NE. Atlantic St.','Union City','NJ',07087,'10:00:00','19:00:00'),
(1370,'8912 Arcadia Ave.','Tallahassee','FL',32303,'10:00:00','19:00:00'),
(1380,'566 Arch St.','Norman','OK',73072,'10:00:00','19:00:00'),
(1390,'439 Fulton Ave.','Massapequa','NY',11758,'10:00:00','19:00:00'),
(1400,'411 Adams Street','Elkridge','MD',21075,'10:00:00','19:00:00'),
(1410,'9432 North Sherman St.','Dubuque','IA',52001,'10:00:00','19:00:00'),
(1420,'987 Fulton Street','Ashburn','VA',20147,'10:00:00','19:00:00'),
(1430,'39 Peg Shop Ave.','Willoughby','OH',44094,'10:00:00','19:00:00'),
(1440,'436 Goldfield Lane','Port Washington','NY',11050,'10:00:00','19:00:00'),
(1450,'9735 Overlook Court','Capitol Heights','MD',20743,'10:00:00','19:00:00'),
(1460,'91 Virginia Dr.','Herndon','VA',20170,'10:00:00','19:00:00'),
(1470,'7092 Second Dr.','Iowa City','IA',52240,'10:00:00','19:00:00'),
(1480,'9637 Buckingham Court','Ontario','CA',91762,'10:00:00','19:00:00'),
(1490,'9159 Summer Street','Dickson','TN',37055,'10:00:00','19:00:00'),
(1500,'7813 Beechwood Street','Vineland','NJ',08360,'10:00:00','19:00:00'),
(1510,'741 Race Court','North Andover','MA',01845,'10:00:00','19:00:00'),
(1520,'1 Country Club Dr.','Levittown','NY',11756,'10:00:00','19:00:00'),
(1530,'8432 West Jones Street','Franklin Square','NY',11010,'10:00:00','19:00:00'),
(1540,'603 Franklin Circle','Ephrata','PA',17522,'10:00:00','19:00:00'),
(1550,'7640 E. Bay Meadows Dr.','Upper Marlboro','MD',20772,'10:00:00','19:00:00'),
(1560,'74 Essex Circle','Woonsocket','RI',02895,'10:00:00','19:00:00'),
(1570,'6 Mayfield Ave.','Indiana','PA',15701,'10:00:00','19:00:00'),
(1580,'8017 Magnolia Dr.','Fenton','MI',48430,'10:00:00','19:00:00'),
(1590,'216 Sulphur Springs Rd.','Pembroke Pines','FL',33028,'10:00:00','19:00:00'),
(1600,'225 Homestead Dr.','Apopka','FL',32703,'10:00:00','19:00:00'),
(1610,'7402 10th St.','Pomona','CA',91768,'10:00:00','19:00:00'),
(1620,'402 Prairie Dr.','Arlington Heights','IL',60004,'10:00:00','19:00:00'),
(1630,'71 Gulf Circle','Vicksburg','MS',39180,'10:00:00','19:00:00'),
(1640,'93 Gulf St.','Bellmore','NY',11710,'10:00:00','19:00:00'),
(1650,'7296 Walnut St.','Cape Coral','FL',33904,'10:00:00','19:00:00'),
(1660,'9308 Canterbury St.','Huntsville','AL',35803,'10:00:00','19:00:00'),
(1670,'6 Park St.','Camp Hill','PA',17011,'10:00:00','19:00:00'),
(1680,'8428 Richardson Ave.','Monroe Township','NJ',08831,'10:00:00','19:00:00'),
(1690,'358 NE. King Lane','Kalamazoo','MI',49009,'10:00:00','19:00:00'),
(1700,'412 Boston Street','Chelmsford','MA',01824,'10:00:00','19:00:00'),
(1710,'435 Sussex Court','Pittsfield','MA',01201,'10:00:00','19:00:00'),
(1720,'9308 S. Thomas Lane','Mishawaka','IN',46544,'10:00:00','19:00:00'),
(1730,'766 Blue Spring Ave.','Danvers','MA',01923,'10:00:00','19:00:00'),
(1740,'8636 Harvard St.','South Ozone Park','NY',11420,'10:00:00','19:00:00'),
(1750,'9709 Stonybrook St.','Roswell','GA',30075,'10:00:00','19:00:00'),
(1760,'9340 South Orange Rd.','Clermont','FL',34711,'10:00:00','19:00:00'),
(1770,'8856 Arnold Rd.','Eden Prarie','MN',55347,'10:00:00','19:00:00'),
(1780,'8690 Newport Ave.','West New York','NJ',07093,'10:00:00','19:00:00'),
(1790,'24 Fifth Dr.','San Diego','CA',92111,'10:00:00','19:00:00'),
(1800,'7061 Delaware St.','Hamtramck','MI',48212,'10:00:00','19:00:00'),
(1810,'11 Lookout Circle','Hartselle','AL',35640,'10:00:00','19:00:00'),
(1820,'30 Bayport St.','Matthews','NC',28104,'10:00:00','19:00:00'),
(1830,'378 Bank Ave.','Riverside','NJ',08075,'10:00:00','19:00:00'),
(1840,'74 High Point Dr.','Midlothian','VA',23112,'10:00:00','19:00:00'),
(1850,'2 Wood Drive','Massillon','OH',44646,'10:00:00','19:00:00'),
(1860,'8853 Fulton St.','Fuquay Varina','NC',27526,'10:00:00','19:00:00'),
(1870,'8644 Parker Street','Palm Beach Gardens','FL',33410,'10:00:00','19:00:00'),
(1880,'33 North Nicolls St.','Elyria','OH',44035,'10:00:00','19:00:00'),
(1890,'7440 East Hall Drive','Cantonment','FL',32533,'10:00:00','19:00:00'),
(1900,'28 Lakeshore Street','Pawtucket','RI',02860,'10:00:00','19:00:00'),
(1910,'556 Brandywine Lane','East Northport','NY',11731,'10:00:00','19:00:00'),
(1920,'48 Sussex St.','Butler','PA',16001,'10:00:00','19:00:00'),
(1930,'7654 St Louis Drive','Lanham','MD',20706,'10:00:00','19:00:00'),
(1940,'61 Joy Ridge Drive','Deerfield','IL',60015,'10:00:00','19:00:00'),
(1950,'7243 Mayfair Ave.','Malden','MA',02148,'10:00:00','19:00:00'),
(1960,'5 Arlington Dr.','Anoka','MN',55303,'10:00:00','19:00:00'),
(1970,'8788 E. Garden Dr.','Greensburg','PA',15601,'10:00:00','19:00:00'),
(1980,'33 Leatherwood Dr.','Richmond Hill','NY',11418,'10:00:00','19:00:00'),
(1990,'46 North Wild Horse Street','Florence SC','SC',29501,'10:00:00','19:00:00'),
(2000,'69 W. Woodsman Street','Highland Park','IL',60035,'10:00:00','19:00:00');

insert into zip_tax values
(12041, 7.77),
(1810,4.49),
(1824,9.40),
(1845,9.55),
(1851,9.90),
(1923,12.08),
(2148,11.54),
(2155,5.84),
(2860,6.04),
(2895,11.52),
(7003,12.57),
(7087,4.12),
(7093,12.81),
(7302,4.52),
(7712,12.00),
(8075,12.30),
(8234,14.14),
(8360,9.61),
(8401,4.21),
(8831,10.77),
(10301,11.71),
(11010,7.78),
(11050,7.14),
(11418,13.57),
(11420,12.64),
(11710,6.04),
(11717,7.20),
(11720,10.60),
(11731,8.82),
(11756,11.51),
(11758,12.74),
(11779,11.58),
(15044,13.39),
(15601,11.89),
(15701,7.16),
(16001,14.10),
(16066,11.09),
(16335,10.78),
(17011,6.31),
(17050,9.85),
(17522,7.74),
(19038,7.15),
(20147,10.93),
(20170,4.37),
(20706,5.50),
(20743,14.35),
(20772,12.85),
(21030,12.38),
(21075,7.86),
(23112,12.83),
(27526,13.46),
(27703,7.91),
(28104,5.74),
(29063,7.58),
(29501,9.28),
(30075,5.48),
(32068,4.51),
(32303,5.01),
(32533,9.13),
(32703,11.14),
(33028,5.71),
(33410,13.00),
(33442,6.19),
(33904,10.24),
(34711,6.63),
(35640,12.33),
(35803,8.83),
(37055,10.23),
(37205,6.29),
(39180,5.85),
(39532,12.64),
(43123,12.30),
(44035,11.59),
(44094,6.88),
(44646,7.17),
(45356,7.05),
(46360,4.34),
(46544,11.47),
(48150,5.82),
(48212,5.46),
(48430,14.18),
(49009,9.94),
(52001,4.74),
(52240,12.34),
(53072,4.16),
(55303,5.46),
(55316,7.23),
(55347,11.00),
(56001,10.87),
(56401,14.04),
(60004,9.31),
(60015,3.59),
(60035,11.90),
(73072,6.67),
(75088,10.72),
(77904,11.00),
(91762,7.61),
(91768,5.77),
(92111,10.53),
(98908,3.90);


insert into taxed values
(10001,1710,12041),
(10002,1030,1810),
(10003,1700,1824),
(10004,1510,1845),
(10005,1040,1851),
(10006,1730,1923),
(10007,1950,2148),
(10008,1210,2155),
(10009,1900,2860),
(10010,1560,2895),
(10011,1350,7003),
(10012,1360,7087),
(10013,1780,7093),
(10014,1070,7302),
(10015,1200,7712),
(10016,1830,8075),
(10017,1100,8234),
(10018,1500,8360),
(10019,1160,8401),
(10020,1680,8831),
(10021,1090,10301),
(10022,1530,11010),
(10023,1440,11050),
(10024,1980,11418),
(10025,1740,11420),
(10026,1640,11710),
(10027,1150,11717),
(10028,1010,11720),
(10029,1910,11731),
(10030,1520,11756),
(10031,1390,11758),
(10032,1020,11779),
(10033,1110,15044),
(10034,1970,15601),
(10035,1570,15701),
(10036,1920,16001),
(10037,1220,16066),
(10038,1170,16335),
(10039,1670,17011),
(10040,1300,17050),
(10041,1540,17522),
(10042,1230,19038),
(10043,1420,20147),
(10044,1460,20170),
(10045,1930,20706),
(10046,1450,20743),
(10047,1550,20772),
(10048,1180,21030),
(10049,1400,21075),
(10050,1840,23112),
(10051,1860,27526),
(10052,1330,27703),
(10053,1820,28104),
(10054,1270,29063),
(10055,1990,29501),
(10056,1750,30075),
(10057,1190,32068),
(10058,1370,32303),
(10059,1890,32533),
(10060,1600,32703),
(10061,1590,33028),
(10062,1870,33410),
(10063,1280,33442),
(10064,1650,33904),
(10065,1760,34711),
(10066,1810,35640),
(10067,1660,35803),
(10068,1490,37055),
(10069,1290,37205),
(10070,1630,39180),
(10071,1260,39532),
(10072,1050,43123),
(10073,1880,44035),
(10074,1430,44094),
(10075,1850,44646),
(10076,1080,45356),
(10077,1240,46360),
(10078,1720,46544),
(10079,1310,48150),
(10080,1800,48212),
(10081,1580,48430),
(10082,1690,49009),
(10083,1410,52001),
(10084,1470,52240),
(10085,1120,53072),
(10086,1960,55303),
(10087,1140,55316),
(10088,1770,55347),
(10089,1060,56001),
(10090,1340,56401),
(10091,1620,60004),
(10092,1940,60015),
(10093,2000,60035),
(10094,1380,73072),
(10095,1250,75088),
(10096,1320,77904),
(10097,1480,91762),
(10098,1610,91768),
(10099,1790,92111),
(10100,1130,98908);



insert into products values
(10001001,'Microsoft','"Xbox Series X - 500GB White"','"Console & Hardware"','New',500,'N/A'),
(10001002,'Microsoft','"Xbox Series S Digital Edition - 500GB White"','"Console & Hardware"','New',300,'N/A'),
(10001003,'Microsoft','"Xbox One S - 1TB White"','"Console & Hardware"','Pre-Owned',290,'N/A'),
(10001004,'Microsoft','"Xbox One S - 500GB White"','"Console & Hardware"','Pre-Owned',280,'N/A'),
(10001005,'Microsoft','"Xbox One X - 1TB White"','"Console & Hardware"','Pre-Owned',390,'N/A'),
(10001006,'Microsoft','"Xbox Series X - 500GB Black"','"Console & Hardware"','New',500,'N/A'),
(10001007,'Microsoft','"Xbox Series S Digital Edition - 500GB Black"','"Console & Hardware"','New',300,'N/A'),
(10001008,'Microsoft','"Xbox One S - 1TB Black"','"Console & Hardware"','Pre-Owned',290,'N/A'),
(10001009,'Microsoft','"Xbox One S - 500GB Black"','"Console & Hardware"','Pre-Owned',280,'N/A'),
(10001010,'Microsoft','"Xbox One X - 1TB Black"','"Console & Hardware"','Pre-Owned',390,'N/A'),
(10002001,'Sony','"PlayStation 4 Pro - 1TB Black"','"Console & Hardware"','Pre-Owned',390,'N/A'),
(10002002,'Sony','"PlayStation 4 - 500GB Black"','"Console & Hardware"','Pre-Owned',280,'N/A'),
(10002003,'Sony','"PlayStation 4 Slim - 1TB Black"','"Console & Hardware"','Pre-Owned',290,'N/A'),
(10002004,'Sony','"PlayStation 4 Slim - 500GB Black"','"Console & Hardware"','Pre-Owned',280,'N/A'),
(10002005,'Sony','"PlayStation 4 Pro - 1TB White"','"Console & Hardware"','Pre-Owned',390,'N/A'),
(10002006,'Sony','"PlayStation 4 - 500GB White"','"Console & Hardware"','Pre-Owned',280,'N/A'),
(10002007,'Sony','"PlayStation 4 Slim - 1TB White"','"Console & Hardware"','Pre-Owned',290,'N/A'),
(10002008,'Sony','"PlayStation 4 Slim - 500GB White"','"Console & Hardware"','Pre-Owned',280,'N/A'),
(10002009,'Sony','"PlayStation 5 Console - White"','"Console & Hardware"','Pre-Owned',460,'N/A'),
(10002010,'Sony','"PlayStation 5 Digital Edition Console"','"Console & Hardware"','Pre-Owned',360,'N/A'),
(10003001,'Nintendo','"Switch Console - Neon Blue Neon Red"','"Console & Hardware"','New',300,'N/A'),
(10003002,'Nintendo','"Switch Console - Gray"','"Console & Hardware"','New',300,'N/A'),
(10003003,'Nintendo','"Switch OLED - White"','"Console & Hardware"','New',350,'N/A'),
(10003004,'Nintendo','"Switch Lite - Turquoise"','"Console & Hardware"','New',200,'N/A'),
(10003005,'Nintendo','"Switch Lite - Coral"','"Console & Hardware"','New',200,'N/A'),
(10003006,'Nintendo','"Switch Console - Neon Blue Neon Red"','"Console & Hardware"','Pre-Owned',280,'N/A'),
(10003007,'Nintendo','"Switch Console - Gray"','"Console & Hardware"','Pre-Owned',280,'N/A'),
(10003008,'Nintendo','"Switch OLED - White"','"Console & Hardware"','Pre-Owned',330,'N/A'),
(10003009,'Nintendo','"Switch Lite - Turquoise"','"Console & Hardware"','Pre-Owned',185,'N/A'),
(10003010,'Nintendo','"Switch Lite - Coral"','"Console & Hardware"','Pre-Owned',185,'N/A'),
(10004001,'Sony','"Sony DUALSHOCK 4 Wireless Controller - Red"','"Console & Hardware"','New',65,'N/A'),
(10004002,'Microsoft','"Microsoft Xbox Series X Controller - Red"','"Console & Hardware"','New',49,'N/A'),
(10004003,'Microsoft','"Microsoft Xbox Elite Series 2 Wireless Controller - Black"','"Console & Hardware"','New',158,'N/A'),
(10004004,'Sony','"Sony DualSense Wireless Controller - Black"','"Console & Hardware"','New',69,'N/A'),
(10004005,'Nintendo','"PowerA Nano Enhanced Wireless Controller"','"Console & Hardware"','New',40,'N/A'),
(10004006,'Sony','"Sony Playstation 5 DualSense Charging Station"','"Console & Hardware"','New',30,'N/A'),
(20001000,'Rockstar','"Xbox-Red Dead Redemption 2"','"Video Games"','Pre-Owned',25,'M'),
(20001001,'"Xbox Game Studios"','"Xbox-Halo Infinite Collector’s Steelbook Edition"','"Video Games"','New',60,'M'),
(20001002,'Rockstar','"Xbox-Grand Theft Auto : Trilogy- The Definitive Edition"','"Video Games"','New',60,'M'),
(20001003,'Activision','"Xbox-Call of Duty : Vanguard"','"Video Games"','New',70,'M'),
(20001004,'"2K Sports"','"Xbox-WWE 2K20"','"Video Games"','Pre-Owned',19,'M'),
(20001005,'"Square Enix"','"Xbox-Marvel’s guardians of the galaxy"','"Video Games"','New',60,'T'),
(20001006,'"Xbox Game Studios"','"Xbox-Forza Horizons 5"','"Video Games"','New',60,'T'),
(20001007,'Ubisoft','"Xbox-Far Cry 6"','"Video Games"','New',55,'M'),
(20001008,'Ubisoft','"Xbox-Riders Republic"','"Video Games"','Digital',50,'M'),
(20001009,'"2K Sports"','"Xbox-NBA 2K22"','"Video Games"','New',70,'E'),
(20005000,'Nintendo','"SWITCH-Mario Party superstars"','"Video Games"','New',60,'E'),
(20005001,'Nintendo','"SWITCH-Animal Crossing : New Horizons"','"Video Games"','New',60,'E'),
(20005002,'"Warner Bros. Interactive Entertainment"','"SWITCH-Dying Light Platinum Edition"','"Video Games"','New',50,'M'),
(20005003,'Capcom','"SWITCH-Devil May Cry 3 Special Edition"','"Video Games"','Digital',4,'M'),
(20005004,'Nintendo','"SWITCH-Pokemon Brilliant Diamond"','"Video Games"','New',60,'E10+'),
(20005005,'Nintendo','"SWITCH-Super Smash Bros. Ultimate"','"Video Games"','Pre-Owned',41,'T'),
(20005006,'Nintendo','"SWITCH-Mario Kart 8 Deluxe"','"Video Games"','New',46,'E'),
(20005007,'Nintendo','"SWITCH-Metroid Dread"','"Video Games"','Digital',60,'T'),
(20005008,'Nintendo','"SWITCH-Pokemon Legends: Arceus"','"Video Games"','New',60,'E10+'),
(20005009,'"2K Games"','"SWITCH-Bioshock: The collection"','"Video Games"','Pre-Owned',18,'M'),
(20005010,'Capcom','"SWITCH-Monster Hunter Rise"','"Video Games"','Pre-Owned',37,'M'),
(20005011,'Bethesda','"SWITCH-The Elder Scrolls V: Skyrim"','"Video Games"','Pre-Owned',55,'M'),
(20006000,'"Electronic Arts"','"PC-The Sims 4"','"Video Games"','Digital',10,'T'),
(20006001,'"Xbox Game Studios"','"PC-Age of Empires IV"','"Video Games"','Digital',60,'T'),
(20006002,'"Electronic Arts"','"PC-Battlefield 2042"','"Video Games"','Digital',60,'M'),
(20006003,'"Giants Software"','"PC-Farming Simulator 22 Collectors Edition"','"Video Games"','New',80,'E10+'),
(20006004,'Bethesda','PC-Deathloop','"Video Games"','New',40,'M'),
(20006005,'"Xbox Game Studios"','"PC-Microsoft Flight Simulator"','"Video Games"','Digital',60,'E10+'),
(20012001,'Activision','"PS5-Call of Duty : Vanguard"','"Video Games"','New',70,'M'),
(20012002,'"Square Enix"','"PS5-Marvel’s guardians of the galaxy"','"Video Games"','New',60,'T'),
(20012003,'Bethesda','PS5-Deathloop','"Video Games"','Pre-Owned',40,'M'),
(20012004,'"2K Sports"','"PS5-NBS 2K22"','"Video Games"','Pre-Owned',64,'E'),
(20012005,'Capcom','"PS5-Resident Evil Village"','"Video Games"','Pre-Owned',41,'M'),
(20012006,'Ubisoft','"PS5-Assassin’s Creed Valhalla"','"Video Games"','Pre-Owned',19,'M'),
(20012007,'"Electronic Arts"','"PS5-Madden NFL 22"','"Video Games"','New',45,'E'),
(20012008,'"Sony Interactive Entertainment"','"PS5-Ghost of Tsushima Director’s Cut"','"Video Games"','Pre-Owned',70,'M'),
(20012009,'"Sony Interactive Entertainment"','"PS5-Ratchet and Clank: Rift Apart"','"Video Games"','New',65,'T'),
(20012010,'"Sony Interactive Entertainment"','"PS4-Marvel’s Spider-Man: Miles Morales"','"Video Games"','Pre-Owned',45,'T'),
(20012011,'Activision','"PS4-Call of Duty: Black Ops Cold War"','"Video Games"','Pre-Owned',45,'M'),
(20012012,'"Square Enix"','"PS4-KINGDOM HEARTS All-in-one package"','"Video Games"','New',40,'E'),
(20012013,'Activision','"PS4-Sekiro: Shadows Die Twice"','"Video Games"','Pre-Owned',22,'T'),
(20012014,'Bethesda','"PS4-Fallout 4 Game of the Year Edition"','"Video Games"','New',40,'M'),
(30001000,'USAopoly','"YAHTZEE: Cup Noodles"','"Board Games"','New',15,'8+'),
(30001001,'Hasbro','"Hasbro HeroQuest Board Game"','"Board Games"','New',126,'8+'),
(30001002,'Hasbro','"Monopoly: Roblox Board Game"','"Board Games"','New',20,'8+'),
(30001003,'Hasbro','"Monopoly: Animal Crossing New Horizons Edition Board Game"','"Board Games"','New',13,'8+'),
(30001004,'Pokemon','"Pokemon Trading Card Game: Battle Academy Box"','"Board Games"','New',20,'8+'),
(30001005,'USAopoly','"USAopoly Monopoly: Naruto Shippuden Board Game"','"Board Games"','New',40,'8+'),
(30001006,'Hasbro','"The Game of Life Super Mario Edition Board Game"','"Board Games"','New',26,'8+'),
(30001007,'Hasbro','"Jenga: Super Mario Bros. Edition Game"','"Board Games"','New',21,'8+'),
(30001008,'Hasbro','"Hasbro HeroQuest Return of the Witch Lord Quest Pack Board Game"','"Board Games"','New',32,'8+'),
(30001009,'USAopoly','"USAopoly Clue: The Office Board Game"','"Board Games"','New',40,'8+'),
(30001010,'Hasbro','"Monopoly: Star Wars: The Mandalorian The Child"','"Board Games"','New',11,'8+'),
(30001011,'Hasbro','"Monopoly: Super Mario Bros. Celebration! Edition Board Game"','"Board Games"','New',25,'8+'),
(30001012,'Hasbro','"Monopoly Disney Villains Board Game"','"Board Games"','New',15,'8+'),
(30001013,'Hasbro','"Hasbro Foosketball Board Game"','"Board Games"','New',11,'8+'),
(30001014,'Hasbro','"Connect 4 Board Game"','"Board Games"','New',11,'8+'),
(30001015,'Hasbro','"Dungeons and Dragons Adventure Begins Board Game"','"Board Games"','New',15,'8+'),
(30001016,'Hasbro','"Monopoly Star Wars: The Mandalorian Edition"','"Board Games"','New',33,'8+'),
(30001017,'Hasbro','"Mexican Train Game Set"','"Board Games"','New',37,'8+'),
(30001018,'Hasbro','"Endless Games The Floor is Lava Game"','"Board Games"','New',17,'8+'),
(30001019,'Hasbro','"Scrabble Crossword Board Game"','"Board Games"','New',19,'8+'),
(30001020,'Hasbro','"Dog Man: Attack of the Fleas Board Game"','"Board Games"','New',15,'8+'),
(30001021,'Hasbro','"Blockbuster Party Game"','"Board Games"','New',10,'8+');




insert into publisher values
(81000,'Microsoft'),
(81100,'Bethesda'),
(81110,'Pokemon'),
(82000,'Sony'),
(82100,"Electronic Arts"),
(83000,'Nintendo'),
(83100,"Sony Interactive Entertainment"),
(84000,'Rockstar'),
(84100,"Warner Bros. Interactive Entertainment"),
(85000,"Xbox Game Studios"),
(85100,"2K Games"),
(86000,'Activision'),
(86100,'Capcom'),
(87000,"2K Sports"),
(87100,"Giants Software"),
(88000,"Square Enix"),
(88100,'USAopoly'),
(89000,'Ubisoft'),
(89100,'Hasbro');


insert into publishes values
(1,81000,10001001),
(2,81000,10001002),
(3,81000,10001003),
(4,81000,10001004),
(5,81000,10001005),
(6,81000,10001006),
(7,81000,10001007),
(8,81000,10001008),
(9,81000,10001009),
(10,81000,10001010),
(11,82000,10002001),
(12,82000,10002002),
(13,82000,10002003),
(14,82000,10002004),
(15,82000,10002005),
(16,82000,10002006),
(17,82000,10002007),
(18,82000,10002008),
(19,82000,10002009),
(20,82000,10002010),
(21,83000,10003001),
(22,83000,10003002),
(23,83000,10003003),
(24,83000,10003004),
(25,83000,10003005),
(26,83000,10003006),
(27,83000,10003007),
(28,83000,10003008),
(29,83000,10003009),
(30,83000,10003010),
(31,82000,10004001),
(32,81000,10004002),
(33,81000,10004003),
(34,82000,10004004),
(35,83000,10004005),
(36,82000,10004006),
(37,84000,20001000),
(38,85000,20001001),
(39,84000,20001002),
(40,86000,20001003),
(41,87000,20001004),
(42,88000,20001005),
(43,85000,20001006),
(44,89000,20001007),
(45,89000,20001008),
(46,87000,20001009),
(47,86000,20012001),
(48,88000,20012002),
(49,81100,20012003),
(50,87000,20012004),
(51,84100,20012005),
(52,89000,20012006),
(53,82100,20012007),
(54,83100,20012008),
(55,83100,20012009),
(56,83100,20012010),
(57,86000,20012011),
(58,88000,20012012),
(59,86000,20012013),
(60,81100,20012014),
(61,83000,20005000),
(62,83000,20005001),
(63,84100,20005002),
(64,84100,20005003),
(65,83000,20005004),
(66,83000,20005005),
(67,83000,20005006),
(68,83000,20005007),
(69,83000,20005008),
(70,87000,20005009),
(71,84100,20005010),
(72,81100,20005011),
(73,82100,20006000),
(74,85000,20006001),
(75,82100,20006002),
(76,87100,20006003),
(77,81100,20006004),
(78,85000,20006005),
(79,88100,30001000),
(80,89100,30001001),
(81,89100,30001002),
(82,89100,30001003),
(83,81110,30001004),
(84,88100,30001005),
(85,89100,30001006),
(86,89100,30001007),
(87,89100,30001008),
(88,88100,30001009),
(89,89100,30001010),
(90,89100,30001011),
(91,89100,30001012),
(92,89100,30001013),
(93,89100,30001014),
(94,89100,30001015),
(95,89100,30001016),
(96,89100,30001017),
(97,89100,30001018),
(98,89100,30001019),
(99,89100,30001020),
(100,89100,30001021);




insert into belongs_to values
(1010,10001001,499.99,8,0,0),
(1010,10001002,299.99,15,1,1),
(1010,10001003,289.99,3,1,1),
(1010,10001004,279.99,5,0,1),
(1010,10001005,389.99,13,3,1),
(1010,10001006,499.99,13,4,1),
(1010,10001007,299.99,5,2,1),
(1010,10001008,289.99,8,4,0),
(1010,10001009,279.99,15,5,0),
(1010,10001010,389.99,3,1,1),
(1010,10002001,389.99,11,4,0),
(1010,10002002,279.99,10,2,0),
(1010,10002003,289.99,12,2,0),
(1010,10002004,279.99,12,0,0),
(1010,10002005,389.99,8,2,1),
(1010,10002006,279.99,12,4,1),
(1010,10002007,289.99,5,0,0),
(1010,10002008,279.99,9,3,0),
(1010,10002009,459.99,7,3,0),
(1010,10002010,359.99,2,2,0),
(1010,10003001,299.99,13,4,0),
(1010,10003002,299.99,1,2,0),
(1010,10003003,349.99,12,1,1),
(1010,10003004,199.99,4,5,1),
(1010,10003005,199.99,15,3,1),
(1010,10003006,279.99,8,6,0),
(1010,10003007,279.99,14,4,0),
(1010,10003008,329.99,14,5,1),
(1010,10003009,184.99,10,5,0),
(1010,10003010,184.99,4,1,1),
(1010,10004001,64.99,10,4,1),
(1010,20001000,24.99,3,5,0),
(1010,20001001,59.99,12,6,1),
(1010,20001002,59.99,6,0,0),
(1010,20001003,69.99,13,1,1),
(1010,20001004,18.99,7,6,0),
(1010,20001005,59.99,7,0,1),
(1010,20001006,59.99,6,0,0),
(1010,20001007,54.99,12,6,1),
(1010,20001008,49.94,3,5,0),
(1010,20001009,69.99,14,6,0),
(1010,20005000,59.99,14,2,0),
(1010,20005001,59.99,9,0,1),
(1010,20005002,49.99,11,2,0),
(1010,20005003,4.49,14,0,0),
(1010,20005004,59.99,12,0,1),
(1010,20005005,40.99,14,4,0),
(1010,20005006,45.99,11,3,0),
(1010,20005007,59.99,14,3,0),
(1010,20005008,59.99,5,3,0),
(1010,20005009,17.99,12,4,0),
(1010,20005010,36.99,7,2,0),
(1010,20005011,54.99,8,3,0),
(1010,20006000,9.99,4,6,1),
(1010,20006001,59.99,2,5,1),
(1010,20006002,59.99,1,0,1),
(1010,20006003,79.99,10,0,0),
(1010,20006004,39.99,9,6,1),
(1010,20006005,59.99,6,4,0),
(1010,20012001,69.99,1,2,1),
(1010,20012002,59.99,13,6,0),
(1010,20012003,39.99,2,4,1),
(1010,20012004,63.99,3,3,1),
(1010,20012005,40.99,11,3,1),
(1010,20012006,18.99,15,2,1),
(1010,20012007,44.99,15,6,0),
(1010,20012008,69.99,15,0,0),
(1010,20012009,64.99,14,0,0),
(1010,20012010,44.99,4,0,0),
(1010,20012011,44.99,10,2,0),
(1010,20012012,39.99,1,0,1),
(1010,20012013,21.99,9,2,1),
(1010,20012014,39.99,6,4,0),
(1010,30001000,14.99,2,6,0),
(1010,30001001,125.99,4,0,1),
(1010,30001002,19.99,15,3,0),
(1010,30001003,12.50,13,6,1),
(1010,30001004,19.99,1,3,1),
(1010,30001005,39.99,1,2,0),
(1010,30001006,26.11,3,0,0),
(1010,30001007,20.99,9,3,0),
(1010,30001008,31.99,1,2,1),
(1010,30001009,39.99,6,2,0),
(1010,30001010,10.99,1,2,0),
(1010,30001011,24.99,13,0,0),
(1010,30001012,15.00,1,3,1),
(1010,30001013,10.98,2,2,1),
(1010,30001014,10.99,5,1,1),
(1010,30001015,14.88,2,6,1),
(1010,30001016,32.70,1,4,0),
(1010,30001017,36.90,5,3,1),
(1010,30001018,16.99,13,5,0),
(1010,30001019,18.99,14,0,0),
(1010,30001020,14.88,13,4,1),
(1010,30001021,9.84,10,6,0),
(1020,10001002,299.99,7,3,1),
(1020,10001003,289.99,9,6,1),
(1020,10001004,279.99,14,2,0),
(1020,10001005,389.99,12,3,1),
(1020,10001006,499.99,5,0,1),
(1020,10001007,299.99,13,1,1),
(1020,10001008,289.99,4,3,1),
(1020,10001009,279.99,10,1,1),
(1020,10001010,389.99,3,1,1),
(1020,10002001,389.99,3,3,1),
(1020,10002002,279.99,4,2,1),
(1020,10002003,289.99,3,5,0),
(1020,10002004,279.99,12,1,0),
(1020,10002005,389.99,15,6,0),
(1020,10002006,279.99,3,2,0),
(1020,10002007,289.99,6,2,0),
(1020,10002008,279.99,3,5,1),
(1020,10002009,459.99,14,6,1),
(1020,10002010,359.99,5,2,0),
(1020,10003001,299.99,15,6,0),
(1020,10003002,299.99,9,5,0),
(1020,10003003,349.99,1,2,1),
(1020,10003004,199.99,5,3,0),
(1020,10003005,199.99,13,2,1),
(1020,10003006,279.99,13,6,1),
(1020,10003007,279.99,6,4,0),
(1020,10003008,329.99,15,3,0),
(1020,10003009,184.99,10,2,1),
(1020,10003010,184.99,5,4,0),
(1020,10004001,64.99,7,4,1),
(1020,20001000,24.99,9,2,0),
(1020,20001001,59.99,11,3,0),
(1020,20001002,59.99,5,0,0),
(1020,20001003,69.99,13,5,1),
(1020,20001004,18.99,13,0,1),
(1020,20001005,59.99,14,1,1),
(1020,20001006,59.99,15,5,0),
(1020,20001007,54.99,2,6,1),
(1020,20001008,49.94,3,0,0),
(1020,20001009,69.99,9,2,0),
(1020,20005000,59.99,13,0,0),
(1020,20005001,59.99,9,2,1),
(1020,20005002,49.99,5,6,0),
(1020,20005003,4.49,12,0,1),
(1020,20005004,59.99,12,4,1),
(1020,20005005,40.99,15,6,1),
(1020,20005006,45.99,6,6,1),
(1020,20005007,59.99,10,0,1),
(1020,20005008,59.99,6,0,1),
(1020,20005009,17.99,12,2,1),
(1020,20005010,36.99,8,3,1),
(1020,20005011,54.99,9,4,1),
(1020,20006000,9.99,4,1,1),
(1020,20006001,59.99,11,5,1),
(1020,20006002,59.99,15,1,1),
(1020,20006003,79.99,4,1,1),
(1020,20006004,39.99,14,0,1),
(1020,20006005,59.99,7,3,0),
(1020,20012001,69.99,15,4,0),
(1020,20012002,59.99,1,5,1),
(1020,20012003,39.99,10,6,1),
(1020,20012004,63.99,8,2,0),
(1020,20012005,40.99,13,1,0),
(1020,20012006,18.99,1,6,0),
(1020,20012007,44.99,14,5,1),
(1020,20012008,69.99,13,2,0),
(1020,20012009,64.99,5,6,1),
(1020,20012010,44.99,2,3,1),
(1020,20012011,44.99,12,6,1),
(1020,20012012,39.99,10,3,1),
(1020,20012013,21.99,8,6,0),
(1020,20012014,39.99,2,0,1),
(1020,30001000,14.99,7,6,0),
(1020,30001001,125.99,9,3,1),
(1020,30001002,19.99,10,6,0),
(1020,30001003,12.50,5,3,1),
(1020,30001004,19.99,9,4,0),
(1020,30001005,39.99,3,2,0),
(1020,30001006,26.11,15,4,1),
(1020,30001007,20.99,12,5,1),
(1020,30001008,31.99,13,6,1),
(1020,30001009,39.99,15,3,1),
(1020,30001010,10.99,12,1,1),
(1020,30001011,24.99,4,6,0),
(1020,30001012,15.00,10,5,1),
(1020,30001013,10.98,6,1,0),
(1020,30001014,10.99,8,1,0),
(1020,30001015,14.88,15,0,0),
(1020,30001016,32.70,15,2,1),
(1020,30001017,36.90,11,3,1),
(1020,30001018,16.99,4,4,1),
(1020,30001019,18.99,2,0,0),
(1020,30001020,14.88,2,6,0),
(1020,30001021,9.84,4,3,0),
(1030,10001002,299.99,15,1,1),
(1030,10001003,289.99,13,3,0),
(1030,10001004,279.99,1,1,0),
(1030,10001005,389.99,11,2,0),
(1030,10001006,499.99,8,3,1),
(1030,10001007,299.99,5,1,1),
(1030,10001008,289.99,11,3,0),
(1030,10001009,279.99,6,2,0),
(1030,10001010,389.99,15,6,1),
(1030,10002001,389.99,15,2,1),
(1030,10002002,279.99,7,0,0),
(1030,10002003,289.99,2,6,0),
(1030,10002004,279.99,8,1,1),
(1030,10002005,389.99,7,3,1),
(1030,10002006,279.99,12,6,0),
(1030,10002007,289.99,10,2,1),
(1030,10002008,279.99,9,1,0),
(1030,10002009,459.99,4,6,0),
(1030,10002010,359.99,9,0,0),
(1030,10003001,299.99,4,0,1),
(1030,10003002,299.99,6,4,1),
(1030,10003003,349.99,15,2,1),
(1030,10003004,199.99,2,2,0),
(1030,10003005,199.99,15,4,0),
(1030,10003006,279.99,5,2,0),
(1030,10003007,279.99,14,5,0),
(1030,10003008,329.99,15,0,0),
(1030,10003009,184.99,3,2,1),
(1030,10003010,184.99,5,5,0),
(1030,10004001,64.99,14,1,0),
(1030,20001000,24.99,8,1,0),
(1030,20001001,59.99,1,4,1),
(1030,20001002,59.99,8,4,0),
(1030,20001003,69.99,15,3,0),
(1030,20001004,18.99,12,2,1),
(1030,20001005,59.99,12,0,1),
(1030,20001006,59.99,14,6,0),
(1030,20001007,54.99,9,5,0),
(1030,20001008,49.94,3,1,0),
(1030,20001009,69.99,13,5,0),
(1030,20005000,59.99,3,4,0),
(1030,20005001,59.99,9,6,1),
(1030,20005002,49.99,5,5,1),
(1030,20005003,4.49,13,5,0),
(1030,20005004,59.99,7,4,0),
(1030,20005005,40.99,5,4,0),
(1030,20005006,45.99,9,6,0),
(1030,20005007,59.99,5,4,1),
(1030,20005008,59.99,14,2,1),
(1030,20005009,17.99,3,3,0),
(1030,20005010,36.99,10,1,0),
(1030,20005011,54.99,12,0,0),
(1030,20006000,9.99,4,1,0),
(1030,20006001,59.99,13,3,1),
(1030,20006002,59.99,10,2,0),
(1030,20006003,79.99,14,2,0),
(1030,20006004,39.99,14,3,0),
(1030,20006005,59.99,8,2,1),
(1030,20012001,69.99,1,2,0),
(1030,20012002,59.99,13,4,0),
(1030,20012003,39.99,5,3,0),
(1030,20012004,63.99,4,4,1),
(1030,20012005,40.99,6,4,0),
(1030,20012006,18.99,6,2,0),
(1030,20012007,44.99,14,1,1),
(1030,20012008,69.99,9,3,1),
(1030,20012009,64.99,4,0,0),
(1030,20012010,44.99,2,6,1),
(1030,20012011,44.99,7,0,0),
(1030,20012012,39.99,11,4,1),
(1030,20012013,21.99,4,1,1),
(1030,20012014,39.99,5,1,1),
(1030,30001000,14.99,9,2,1),
(1030,30001001,125.99,15,5,1),
(1030,30001002,19.99,15,3,0),
(1030,30001003,12.50,1,0,1),
(1030,30001004,19.99,3,3,1),
(1030,30001005,39.99,1,3,0),
(1030,30001006,26.11,8,6,1),
(1030,30001007,20.99,12,6,0),
(1030,30001008,31.99,4,3,0),
(1030,30001009,39.99,7,6,0),
(1030,30001010,10.99,3,1,0),
(1030,30001011,24.99,8,4,0),
(1030,30001012,15.00,6,4,1),
(1030,30001013,10.98,5,2,1),
(1030,30001014,10.99,13,2,0),
(1030,30001015,14.88,8,0,1),
(1030,30001016,32.70,10,1,1),
(1030,30001017,36.90,1,0,0),
(1030,30001018,16.99,12,0,0),
(1030,30001019,18.99,13,0,1),
(1030,30001020,14.88,8,6,0),
(1030,30001021,9.84,3,4,0),
(1040,10001002,299.99,15,4,0),
(1040,10001003,289.99,10,0,0),
(1040,10001004,279.99,10,4,1),
(1040,10001005,389.99,10,1,1),
(1040,10001006,499.99,3,5,1),
(1040,10001007,299.99,13,6,0),
(1040,10001008,289.99,4,4,1),
(1040,10001009,279.99,5,5,1),
(1040,10001010,389.99,8,5,1),
(1040,10002001,389.99,2,4,1),
(1040,10002002,279.99,2,3,1),
(1040,10002003,289.99,12,5,1),
(1040,10002004,279.99,10,5,0),
(1040,10002005,389.99,9,1,1),
(1040,10002006,279.99,11,4,1),
(1040,10002007,289.99,7,4,1),
(1040,10002008,279.99,11,2,1),
(1040,10002009,459.99,3,1,1),
(1040,10002010,359.99,13,2,0),
(1040,10003001,299.99,5,5,0),
(1040,10003002,299.99,4,2,1),
(1040,10003003,349.99,13,5,0),
(1040,10003004,199.99,7,3,1),
(1040,10003005,199.99,3,1,1),
(1040,10003006,279.99,4,1,1),
(1040,10003007,279.99,6,2,1),
(1040,10003008,329.99,4,6,0),
(1040,10003009,184.99,12,3,1),
(1040,10003010,184.99,10,3,1),
(1040,10004001,64.99,8,2,1),
(1040,20001000,24.99,11,6,0),
(1040,20001001,59.99,11,0,0),
(1040,20001002,59.99,1,4,0),
(1040,20001003,69.99,12,2,1),
(1040,20001004,18.99,4,2,1),
(1040,20001005,59.99,15,4,1),
(1040,20001006,59.99,8,2,1),
(1040,20001007,54.99,9,0,0),
(1040,20001008,49.94,5,2,1),
(1040,20001009,69.99,3,5,1),
(1040,20005000,59.99,8,2,1),
(1040,20005001,59.99,3,2,1),
(1040,20005002,49.99,1,1,0),
(1040,20005003,4.49,6,2,1),
(1040,20005004,59.99,12,2,0),
(1040,20005005,40.99,7,4,1),
(1040,20005006,45.99,3,0,0),
(1040,20005007,59.99,7,5,1),
(1040,20005008,59.99,10,2,1),
(1040,20005009,17.99,14,0,1),
(1040,20005010,36.99,7,3,1),
(1040,20005011,54.99,4,2,0),
(1040,20006000,9.99,7,4,0),
(1040,20006001,59.99,5,2,1),
(1040,20006002,59.99,1,0,1),
(1040,20006003,79.99,8,0,1),
(1040,20006004,39.99,7,6,1),
(1040,20006005,59.99,9,1,0),
(1040,20012001,69.99,13,3,1),
(1040,20012002,59.99,6,6,0),
(1040,20012003,39.99,10,6,0),
(1040,20012004,63.99,13,6,1),
(1040,20012005,40.99,9,3,1),
(1040,20012006,18.99,12,4,1),
(1040,20012007,44.99,15,5,0),
(1040,20012008,69.99,10,5,0),
(1040,20012009,64.99,11,0,1),
(1040,20012010,44.99,7,2,1),
(1040,20012011,44.99,8,6,0),
(1040,20012012,39.99,3,3,1),
(1040,20012013,21.99,8,3,0),
(1040,20012014,39.99,7,0,1),
(1040,30001000,14.99,13,6,0),
(1040,30001001,125.99,3,1,0),
(1040,30001002,19.99,11,5,0),
(1040,30001003,12.50,10,1,1),
(1040,30001004,19.99,9,2,0),
(1040,30001005,39.99,5,0,1),
(1040,30001006,26.11,2,0,1),
(1040,30001007,20.99,5,1,0),
(1040,30001008,31.99,8,2,0),
(1040,30001009,39.99,14,5,1),
(1040,30001010,10.99,6,1,1),
(1040,30001011,24.99,9,5,1),
(1040,30001012,15.00,1,2,1),
(1040,30001013,10.98,14,2,1),
(1040,30001014,10.99,10,2,0),
(1040,30001015,14.88,2,4,1),
(1040,30001016,32.70,3,5,1),
(1040,30001017,36.90,6,1,1),
(1040,30001018,16.99,1,5,1),
(1040,30001019,18.99,13,6,0),
(1040,30001020,14.88,10,6,0),
(1040,30001021,9.84,9,3,0),
(1050,10001002,299.99,6,5,1),
(1050,10001003,289.99,7,6,0),
(1050,10001004,279.99,9,5,0),
(1050,10001005,389.99,9,5,0),
(1050,10001006,499.99,4,1,0),
(1050,10001007,299.99,9,5,0),
(1050,10001008,289.99,6,4,0),
(1050,10001009,279.99,2,5,1),
(1050,10001010,389.99,14,2,0),
(1050,10002001,389.99,2,0,1),
(1050,10002002,279.99,14,5,1),
(1050,10002003,289.99,8,0,0),
(1050,10002004,279.99,11,2,0),
(1050,10002005,389.99,11,5,1),
(1050,10002006,279.99,5,0,0),
(1050,10002007,289.99,1,2,0),
(1050,10002008,279.99,12,3,0),
(1050,10002009,459.99,1,1,0),
(1050,10002010,359.99,11,6,0),
(1050,10003001,299.99,14,4,1),
(1050,10003002,299.99,6,3,1),
(1050,10003003,349.99,12,4,0),
(1050,10003004,199.99,7,0,1),
(1050,10003005,199.99,6,3,0),
(1050,10003006,279.99,15,6,0),
(1050,10003007,279.99,11,2,1),
(1050,10003008,329.99,4,2,1),
(1050,10003009,184.99,5,5,0),
(1050,10003010,184.99,11,1,1),
(1050,10004001,64.99,9,1,0),
(1050,20001000,24.99,4,5,0),
(1050,20001001,59.99,3,2,0),
(1050,20001002,59.99,7,5,1),
(1050,20001003,69.99,10,4,0),
(1050,20001004,18.99,8,3,1),
(1050,20001005,59.99,9,4,0),
(1050,20001006,59.99,5,6,1),
(1050,20001007,54.99,1,1,0),
(1050,20001008,49.94,10,4,0),
(1050,20001009,69.99,14,1,0),
(1050,20005000,59.99,1,6,1),
(1050,20005001,59.99,9,2,0),
(1050,20005002,49.99,5,2,1),
(1050,20005003,4.49,9,1,1),
(1050,20005004,59.99,7,5,0),
(1050,20005005,40.99,9,4,0),
(1050,20005006,45.99,8,5,0),
(1050,20005007,59.99,9,1,1),
(1050,20005008,59.99,2,1,0),
(1050,20005009,17.99,11,0,0),
(1050,20005010,36.99,13,0,0),
(1050,20005011,54.99,14,2,0),
(1050,20006000,9.99,6,1,1),
(1050,20006001,59.99,13,4,0),
(1050,20006002,59.99,12,6,0),
(1050,20006003,79.99,3,5,0),
(1050,20006004,39.99,11,4,1),
(1050,20006005,59.99,10,4,0),
(1050,20012001,69.99,10,2,0),
(1050,20012002,59.99,8,5,1),
(1050,20012003,39.99,1,5,1),
(1050,20012004,63.99,8,4,0),
(1050,20012005,40.99,7,3,1),
(1050,20012006,18.99,11,0,0),
(1050,20012007,44.99,2,5,0),
(1050,20012008,69.99,8,1,1),
(1050,20012009,64.99,11,5,0),
(1050,20012010,44.99,9,4,1),
(1050,20012011,44.99,14,1,0),
(1050,20012012,39.99,6,5,0),
(1050,20012013,21.99,3,1,1),
(1050,20012014,39.99,10,5,1),
(1050,30001000,14.99,14,4,0),
(1050,30001001,125.99,12,5,0),
(1050,30001002,19.99,11,6,1),
(1050,30001003,12.50,4,4,1),
(1050,30001004,19.99,3,0,0),
(1050,30001005,39.99,7,2,1),
(1050,30001006,26.11,15,0,0),
(1050,30001007,20.99,6,1,0),
(1050,30001008,31.99,11,2,1),
(1050,30001009,39.99,2,4,0),
(1050,30001010,10.99,3,1,1),
(1050,30001011,24.99,8,2,0),
(1050,30001012,15.00,4,1,0),
(1050,30001013,10.98,8,3,0),
(1050,30001014,10.99,6,3,0),
(1050,30001015,14.88,14,2,0),
(1050,30001016,32.70,2,0,1),
(1050,30001017,36.90,6,0,1),
(1050,30001018,16.99,4,0,0),
(1050,30001019,18.99,3,2,1),
(1050,30001020,14.88,9,3,0),
(1050,30001021,9.84,9,4,1),
(1060,10001002,299.99,1,1,1),
(1060,10001003,289.99,8,3,1),
(1060,10001004,279.99,15,2,0),
(1060,10001005,389.99,9,0,1),
(1060,10001006,499.99,7,0,0),
(1060,10001007,299.99,1,4,1),
(1060,10001008,289.99,10,6,1),
(1060,10001009,279.99,5,4,0),
(1060,10001010,389.99,6,5,1),
(1060,10002001,389.99,1,6,0),
(1060,10002002,279.99,3,0,0),
(1060,10002003,289.99,13,3,1),
(1060,10002004,279.99,12,0,1),
(1060,10002005,389.99,9,3,0),
(1060,10002006,279.99,5,4,1),
(1060,10002007,289.99,3,6,1),
(1060,10002008,279.99,10,0,1),
(1060,10002009,459.99,6,6,0),
(1060,10002010,359.99,14,0,0),
(1060,10003001,299.99,5,4,1),
(1060,10003002,299.99,1,6,1),
(1060,10003003,349.99,15,6,0),
(1060,10003004,199.99,5,4,0),
(1060,10003005,199.99,3,6,0),
(1060,10003006,279.99,2,4,0),
(1060,10003007,279.99,15,6,0),
(1060,10003008,329.99,14,6,1),
(1060,10003009,184.99,9,6,0),
(1060,10003010,184.99,3,3,1),
(1060,10004001,64.99,12,2,1),
(1060,20001000,24.99,6,1,0),
(1060,20001001,59.99,5,0,0),
(1060,20001002,59.99,11,3,1),
(1060,20001003,69.99,8,0,1),
(1060,20001004,18.99,5,4,1),
(1060,20001005,59.99,12,3,0),
(1060,20001006,59.99,3,3,1),
(1060,20001007,54.99,3,3,1),
(1060,20001008,49.94,13,5,0),
(1060,20001009,69.99,1,6,1),
(1060,20005000,59.99,12,5,1),
(1060,20005001,59.99,15,2,0),
(1060,20005002,49.99,3,0,0),
(1060,20005003,4.49,13,3,0),
(1060,20005004,59.99,4,6,0),
(1060,20005005,40.99,1,3,0),
(1060,20005006,45.99,2,6,1),
(1060,20005007,59.99,2,3,1),
(1060,20005008,59.99,6,6,0),
(1060,20005009,17.99,6,1,0),
(1060,20005010,36.99,15,2,0),
(1060,20005011,54.99,13,4,1),
(1060,20006000,9.99,8,2,1),
(1060,20006001,59.99,9,4,1),
(1060,20006002,59.99,6,1,1),
(1060,20006003,79.99,12,0,1),
(1060,20006004,39.99,11,1,1),
(1060,20006005,59.99,12,6,0),
(1060,20012001,69.99,3,5,0),
(1060,20012002,59.99,1,2,0),
(1060,20012003,39.99,9,1,1),
(1060,20012004,63.99,11,6,1),
(1060,20012005,40.99,6,3,0),
(1060,20012006,18.99,5,1,1),
(1060,20012007,44.99,14,5,0),
(1060,20012008,69.99,12,0,1),
(1060,20012009,64.99,4,2,0),
(1060,20012010,44.99,1,1,0),
(1060,20012011,44.99,3,3,0),
(1060,20012012,39.99,15,6,0),
(1060,20012013,21.99,2,2,0),
(1060,20012014,39.99,15,5,1),
(1060,30001000,14.99,4,5,0),
(1060,30001001,125.99,7,6,1),
(1060,30001002,19.99,15,4,0),
(1060,30001003,12.50,5,5,1),
(1060,30001004,19.99,12,2,1),
(1060,30001005,39.99,11,4,0),
(1060,30001006,26.11,12,0,0),
(1060,30001007,20.99,1,4,1),
(1060,30001008,31.99,13,5,1),
(1060,30001009,39.99,4,4,0),
(1060,30001010,10.99,11,1,1),
(1060,30001011,24.99,12,6,0),
(1060,30001012,15.00,2,3,1),
(1060,30001013,10.98,7,4,1),
(1060,30001014,10.99,3,5,0),
(1060,30001015,14.88,5,6,1),
(1060,30001016,32.70,4,5,0),
(1060,30001017,36.90,1,3,0),
(1060,30001018,16.99,8,6,0),
(1060,30001019,18.99,15,3,1),
(1060,30001020,14.88,2,6,1),
(1060,30001021,9.84,13,4,1),
(1070,10001002,299.99,14,2,1),
(1070,10001003,289.99,13,1,0),
(1070,10001004,279.99,15,2,0),
(1070,10001005,389.99,2,4,1),
(1070,10001006,499.99,6,4,0),
(1070,10001007,299.99,8,2,0),
(1070,10001008,289.99,6,0,0),
(1070,10001009,279.99,2,4,0),
(1070,10001010,389.99,10,2,1),
(1070,10002001,389.99,13,0,0),
(1070,10002002,279.99,13,1,1),
(1070,10002003,289.99,10,2,1),
(1070,10002004,279.99,2,2,1),
(1070,10002005,389.99,3,0,1),
(1070,10002006,279.99,5,4,0),
(1070,10002007,289.99,3,4,1),
(1070,10002008,279.99,7,3,1),
(1070,10002009,459.99,10,4,0),
(1070,10002010,359.99,15,4,1),
(1070,10003001,299.99,14,4,0),
(1070,10003002,299.99,13,5,0),
(1070,10003003,349.99,7,1,1),
(1070,10003004,199.99,3,6,0),
(1070,10003005,199.99,8,0,1),
(1070,10003006,279.99,5,5,0),
(1070,10003007,279.99,6,3,1),
(1070,10003008,329.99,6,1,1),
(1070,10003009,184.99,11,6,1),
(1070,10003010,184.99,6,5,1),
(1070,10004001,64.99,15,4,1),
(1070,20001000,24.99,9,1,1),
(1070,20001001,59.99,14,4,0),
(1070,20001002,59.99,4,6,0),
(1070,20001003,69.99,6,2,1),
(1070,20001004,18.99,2,0,0),
(1070,20001005,59.99,5,3,1),
(1070,20001006,59.99,10,3,1),
(1070,20001007,54.99,9,0,0),
(1070,20001008,49.94,13,4,0),
(1070,20001009,69.99,10,6,1),
(1070,20005000,59.99,15,6,1),
(1070,20005001,59.99,10,6,1),
(1070,20005002,49.99,13,0,0),
(1070,20005003,4.49,6,1,0),
(1070,20005004,59.99,13,6,0),
(1070,20005005,40.99,3,1,0),
(1070,20005006,45.99,8,1,1),
(1070,20005007,59.99,1,3,0),
(1070,20005008,59.99,7,0,0),
(1070,20005009,17.99,13,6,1),
(1070,20005010,36.99,8,6,0),
(1070,20005011,54.99,5,3,0),
(1070,20006000,9.99,9,0,1),
(1070,20006001,59.99,2,3,1),
(1070,20006002,59.99,13,5,1),
(1070,20006003,79.99,14,3,1),
(1070,20006004,39.99,15,0,1),
(1070,20006005,59.99,2,3,1),
(1070,20012001,69.99,7,3,1),
(1070,20012002,59.99,14,3,0),
(1070,20012003,39.99,1,5,0),
(1070,20012004,63.99,7,1,1),
(1070,20012005,40.99,8,2,0),
(1070,20012006,18.99,8,6,1),
(1070,20012007,44.99,14,2,0),
(1070,20012008,69.99,1,3,1),
(1070,20012009,64.99,10,0,1),
(1070,20012010,44.99,8,1,1),
(1070,20012011,44.99,1,4,0),
(1070,20012012,39.99,3,0,1),
(1070,20012013,21.99,10,5,0),
(1070,20012014,39.99,3,1,0),
(1070,30001000,14.99,10,6,1),
(1070,30001001,125.99,15,1,0),
(1070,30001002,19.99,4,2,0),
(1070,30001003,12.50,6,4,1),
(1070,30001004,19.99,12,2,1),
(1070,30001005,39.99,14,6,0),
(1070,30001006,26.11,2,5,1),
(1070,30001007,20.99,12,5,0),
(1070,30001008,31.99,2,1,1),
(1070,30001009,39.99,4,6,1),
(1070,30001010,10.99,2,3,1),
(1070,30001011,24.99,3,3,1),
(1070,30001012,15.00,1,2,0),
(1070,30001013,10.98,12,5,1),
(1070,30001014,10.99,2,1,0),
(1070,30001015,14.88,1,6,1),
(1070,30001016,32.70,7,0,0),
(1070,30001017,36.90,3,6,1),
(1070,30001018,16.99,4,3,1),
(1070,30001019,18.99,3,1,0),
(1070,30001020,14.88,14,1,1),
(1070,30001021,9.84,14,6,0),
(1080,10001002,299.99,8,4,0),
(1080,10001003,289.99,13,2,1),
(1080,10001004,279.99,11,6,1),
(1080,10001005,389.99,12,3,1),
(1080,10001006,499.99,14,6,0),
(1080,10001007,299.99,4,0,0),
(1080,10001008,289.99,4,6,0),
(1080,10001009,279.99,3,4,1),
(1080,10001010,389.99,8,4,1),
(1080,10002001,389.99,7,5,1),
(1080,10002002,279.99,6,3,1),
(1080,10002003,289.99,4,0,1),
(1080,10002004,279.99,5,5,0),
(1080,10002005,389.99,7,4,0),
(1080,10002006,279.99,15,4,0),
(1080,10002007,289.99,14,5,0),
(1080,10002008,279.99,6,2,1),
(1080,10002009,459.99,2,3,0),
(1080,10002010,359.99,7,3,0),
(1080,10003001,299.99,9,2,1),
(1080,10003002,299.99,13,1,1),
(1080,10003003,349.99,12,4,1),
(1080,10003004,199.99,13,1,0),
(1080,10003005,199.99,7,4,1),
(1080,10003006,279.99,7,2,1),
(1080,10003007,279.99,12,2,0),
(1080,10003008,329.99,11,0,1),
(1080,10003009,184.99,8,3,1),
(1080,10003010,184.99,2,4,0),
(1080,10004001,64.99,6,5,1),
(1080,20001000,24.99,11,2,1),
(1080,20001001,59.99,4,2,0),
(1080,20001002,59.99,11,3,1),
(1080,20001003,69.99,12,1,1),
(1080,20001004,18.99,13,1,0),
(1080,20001005,59.99,15,5,1),
(1080,20001006,59.99,12,4,1),
(1080,20001007,54.99,13,3,0),
(1080,20001008,49.94,2,4,0),
(1080,20001009,69.99,7,6,0),
(1080,20005000,59.99,5,3,1),
(1080,20005001,59.99,6,1,0),
(1080,20005002,49.99,4,0,0),
(1080,20005003,4.49,10,5,1),
(1080,20005004,59.99,4,1,0),
(1080,20005005,40.99,15,5,1),
(1080,20005006,45.99,13,6,1),
(1080,20005007,59.99,10,4,0),
(1080,20005008,59.99,15,2,0),
(1080,20005009,17.99,10,1,0),
(1080,20005010,36.99,8,6,0),
(1080,20005011,54.99,6,5,1),
(1080,20006000,9.99,8,6,0),
(1080,20006001,59.99,2,4,0),
(1080,20006002,59.99,6,4,1),
(1080,20006003,79.99,4,1,0),
(1080,20006004,39.99,4,6,0),
(1080,20006005,59.99,1,2,1),
(1080,20012001,69.99,8,1,1),
(1080,20012002,59.99,13,6,0),
(1080,20012003,39.99,13,3,1),
(1080,20012004,63.99,13,5,0),
(1080,20012005,40.99,7,1,1),
(1080,20012006,18.99,8,2,1),
(1080,20012007,44.99,14,5,1),
(1080,20012008,69.99,15,0,1),
(1080,20012009,64.99,8,4,0),
(1080,20012010,44.99,5,2,0),
(1080,20012011,44.99,13,1,1),
(1080,20012012,39.99,9,6,1),
(1080,20012013,21.99,1,4,0),
(1080,20012014,39.99,9,4,1),
(1080,30001000,14.99,4,5,1),
(1080,30001001,125.99,4,0,1),
(1080,30001002,19.99,10,3,0),
(1080,30001003,12.50,5,2,1),
(1080,30001004,19.99,9,3,0),
(1080,30001005,39.99,8,1,1),
(1080,30001006,26.11,14,4,0),
(1080,30001007,20.99,5,2,0),
(1080,30001008,31.99,6,5,1),
(1080,30001009,39.99,12,4,1),
(1080,30001010,10.99,3,3,1),
(1080,30001011,24.99,9,0,1),
(1080,30001012,15.00,9,3,1),
(1080,30001013,10.98,11,5,1),
(1080,30001014,10.99,6,3,0),
(1080,30001015,14.88,8,1,1),
(1080,30001016,32.70,12,5,0),
(1080,30001017,36.90,3,1,0),
(1080,30001018,16.99,7,6,1),
(1080,30001019,18.99,9,6,0),
(1080,30001020,14.88,12,2,0),
(1080,30001021,9.84,9,4,0),
(1090,10001002,299.99,5,4,1),
(1090,10001003,289.99,7,2,0),
(1090,10001004,279.99,7,1,0),
(1090,10001005,389.99,2,2,1),
(1090,10001006,499.99,2,4,1),
(1090,10001007,299.99,3,3,0),
(1090,10001008,289.99,12,4,0),
(1090,10001009,279.99,4,4,1),
(1090,10001010,389.99,3,3,0),
(1090,10002001,389.99,12,2,0),
(1090,10002002,279.99,9,4,0),
(1090,10002003,289.99,12,4,1),
(1090,10002004,279.99,3,6,1),
(1090,10002005,389.99,12,6,1),
(1090,10002006,279.99,9,4,1),
(1090,10002007,289.99,5,0,0),
(1090,10002008,279.99,13,2,1),
(1090,10002009,459.99,7,1,0),
(1090,10002010,359.99,8,6,1),
(1090,10003001,299.99,11,0,0),
(1090,10003002,299.99,13,4,0),
(1090,10003003,349.99,13,1,0),
(1090,10003004,199.99,7,5,1),
(1090,10003005,199.99,4,4,1),
(1090,10003006,279.99,7,1,0),
(1090,10003007,279.99,15,1,1),
(1090,10003008,329.99,11,4,0),
(1090,10003009,184.99,13,0,0),
(1090,10003010,184.99,10,4,1),
(1090,10004001,64.99,12,5,0),
(1090,20001000,24.99,14,4,0),
(1090,20001001,59.99,12,5,1),
(1090,20001002,59.99,2,3,1),
(1090,20001003,69.99,10,6,0),
(1090,20001004,18.99,3,6,1),
(1090,20001005,59.99,6,6,0),
(1090,20001006,59.99,5,3,1),
(1090,20001007,54.99,4,0,1),
(1090,20001008,49.94,14,3,1),
(1090,20001009,69.99,4,2,1),
(1090,20005000,59.99,5,3,1),
(1090,20005001,59.99,5,5,0),
(1090,20005002,49.99,1,4,0),
(1090,20005003,4.49,5,2,1),
(1090,20005004,59.99,12,3,1),
(1090,20005005,40.99,5,1,0),
(1090,20005006,45.99,5,3,1),
(1090,20005007,59.99,2,3,1),
(1090,20005008,59.99,13,0,0),
(1090,20005009,17.99,5,2,1),
(1090,20005010,36.99,14,4,0),
(1090,20005011,54.99,14,0,0),
(1090,20006000,9.99,9,1,0),
(1090,20006001,59.99,15,3,1),
(1090,20006002,59.99,11,3,0),
(1090,20006003,79.99,6,3,1),
(1090,20006004,39.99,9,1,1),
(1090,20006005,59.99,2,5,0),
(1090,20012001,69.99,4,3,1),
(1090,20012002,59.99,1,6,0),
(1090,20012003,39.99,3,2,1),
(1090,20012004,63.99,15,6,0),
(1090,20012005,40.99,4,4,1),
(1090,20012006,18.99,5,2,1),
(1090,20012007,44.99,4,1,1),
(1090,20012008,69.99,14,0,0),
(1090,20012009,64.99,11,1,1),
(1090,20012010,44.99,11,2,1),
(1090,20012011,44.99,13,1,1),
(1090,20012012,39.99,14,6,1),
(1090,20012013,21.99,6,3,1),
(1090,20012014,39.99,11,5,0),
(1090,30001000,14.99,8,0,0),
(1090,30001001,125.99,9,4,1),
(1090,30001002,19.99,2,4,0),
(1090,30001003,12.50,15,1,1),
(1090,30001004,19.99,2,1,0),
(1090,30001005,39.99,2,6,0),
(1090,30001006,26.11,10,2,1),
(1090,30001007,20.99,4,3,0),
(1090,30001008,31.99,4,6,0),
(1090,30001009,39.99,10,3,1),
(1090,30001010,10.99,7,4,0),
(1090,30001011,24.99,5,6,1),
(1090,30001012,15.00,4,4,0),
(1090,30001013,10.98,3,4,0),
(1090,30001014,10.99,4,4,0),
(1090,30001015,14.88,1,6,0),
(1090,30001016,32.70,1,3,1),
(1090,30001017,36.90,12,3,1),
(1090,30001018,16.99,3,4,0),
(1090,30001019,18.99,10,0,0),
(1090,30001020,14.88,4,1,1),
(1090,30001021,9.84,10,5,0),
(1100,10001002,299.99,2,0,0),
(1100,10001003,289.99,11,3,1),
(1100,10001004,279.99,12,0,1),
(1100,10001005,389.99,15,0,0),
(1100,10001006,499.99,14,3,1),
(1100,10001007,299.99,7,1,1),
(1100,10001008,289.99,2,5,0),
(1100,10001009,279.99,8,1,1),
(1100,10001010,389.99,13,1,1),
(1100,10002001,389.99,9,1,0),
(1100,10002002,279.99,10,3,1),
(1100,10002003,289.99,4,1,0),
(1100,10002004,279.99,4,0,0),
(1100,10002005,389.99,14,3,1),
(1100,10002006,279.99,9,6,0),
(1100,10002007,289.99,2,5,1),
(1100,10002008,279.99,2,0,0),
(1100,10002009,459.99,11,5,1),
(1100,10002010,359.99,3,1,0),
(1100,10003001,299.99,8,4,1),
(1100,10003002,299.99,4,5,1),
(1100,10003003,349.99,7,6,0),
(1100,10003004,199.99,7,5,0),
(1100,10003005,199.99,12,5,1),
(1100,10003006,279.99,12,0,0),
(1100,10003007,279.99,11,2,0),
(1100,10003008,329.99,5,0,0),
(1100,10003009,184.99,12,2,0),
(1100,10003010,184.99,11,5,1),
(1100,10004001,64.99,15,4,1),
(1100,20001000,24.99,2,0,1),
(1100,20001001,59.99,14,5,1),
(1100,20001002,59.99,9,1,1),
(1100,20001003,69.99,11,1,1),
(1100,20001004,18.99,12,6,1),
(1100,20001005,59.99,9,5,1),
(1100,20001006,59.99,7,6,1),
(1100,20001007,54.99,3,6,1),
(1100,20001008,49.94,5,5,0),
(1100,20001009,69.99,11,6,1),
(1100,20005000,59.99,13,3,0),
(1100,20005001,59.99,11,3,1),
(1100,20005002,49.99,5,5,0),
(1100,20005003,4.49,6,5,0),
(1100,20005004,59.99,2,0,1),
(1100,20005005,40.99,8,0,1),
(1100,20005006,45.99,15,6,0),
(1100,20005007,59.99,1,1,1),
(1100,20005008,59.99,6,4,0),
(1100,20005009,17.99,15,4,0),
(1100,20005010,36.99,12,3,1),
(1100,20005011,54.99,7,2,0),
(1100,20006000,9.99,14,2,1),
(1100,20006001,59.99,12,1,0),
(1100,20006002,59.99,3,6,1),
(1100,20006003,79.99,3,1,1),
(1100,20006004,39.99,3,1,0),
(1100,20006005,59.99,1,2,0),
(1100,20012001,69.99,15,5,0),
(1100,20012002,59.99,6,6,0),
(1100,20012003,39.99,3,2,1),
(1100,20012004,63.99,6,2,1),
(1100,20012005,40.99,7,1,0),
(1100,20012006,18.99,7,4,0),
(1100,20012007,44.99,14,4,0),
(1100,20012008,69.99,10,4,0),
(1100,20012009,64.99,3,4,0),
(1100,20012010,44.99,15,6,1),
(1100,20012011,44.99,14,2,0),
(1100,20012012,39.99,9,6,1),
(1100,20012013,21.99,5,5,0),
(1100,20012014,39.99,3,2,1),
(1100,30001000,14.99,4,6,0),
(1100,30001001,125.99,7,1,1),
(1100,30001002,19.99,15,4,0),
(1100,30001003,12.50,11,2,1),
(1100,30001004,19.99,4,3,0),
(1100,30001005,39.99,10,4,0),
(1100,30001006,26.11,11,2,0),
(1100,30001007,20.99,13,3,1),
(1100,30001008,31.99,14,3,0),
(1100,30001009,39.99,14,5,1),
(1100,30001010,10.99,13,2,0),
(1100,30001011,24.99,10,4,1),
(1100,30001012,15.00,1,6,0),
(1100,30001013,10.98,5,0,0),
(1100,30001014,10.99,3,2,1),
(1100,30001015,14.88,12,6,0),
(1100,30001016,32.70,6,4,0),
(1100,30001017,36.90,11,2,0),
(1100,30001018,16.99,8,3,1),
(1100,30001019,18.99,4,4,1),
(1100,30001020,14.88,2,1,0),
(1100,30001021,9.84,1,0,0),
(1110,10001002,299.99,6,0,0),
(1110,10001003,289.99,7,2,0),
(1110,10001004,279.99,2,4,1),
(1110,10001005,389.99,9,1,1),
(1110,10001006,499.99,12,5,1),
(1110,10001007,299.99,6,5,0),
(1110,10001008,289.99,15,3,1),
(1110,10001009,279.99,13,6,1),
(1110,10001010,389.99,12,6,1),
(1110,10002001,389.99,10,4,1),
(1110,10002002,279.99,2,5,1),
(1110,10002003,289.99,15,2,0),
(1110,10002004,279.99,15,4,0),
(1110,10002005,389.99,6,4,1),
(1110,10002006,279.99,11,0,1),
(1110,10002007,289.99,1,3,0),
(1110,10002008,279.99,5,4,0),
(1110,10002009,459.99,6,6,1),
(1110,10002010,359.99,1,0,0),
(1110,10003001,299.99,9,2,1),
(1110,10003002,299.99,8,1,0),
(1110,10003003,349.99,5,0,0),
(1110,10003004,199.99,5,4,0),
(1110,10003005,199.99,13,3,1),
(1110,10003006,279.99,11,3,1),
(1110,10003007,279.99,8,5,0),
(1110,10003008,329.99,10,4,0),
(1110,10003009,184.99,9,6,0),
(1110,10003010,184.99,6,2,0),
(1110,10004001,64.99,10,0,1),
(1110,20001000,24.99,11,3,1),
(1110,20001001,59.99,12,5,0),
(1110,20001002,59.99,12,1,1),
(1110,20001003,69.99,2,1,0),
(1110,20001004,18.99,14,5,1),
(1110,20001005,59.99,11,3,0),
(1110,20001006,59.99,8,4,1),
(1110,20001007,54.99,10,0,1),
(1110,20001008,49.94,11,4,0),
(1110,20001009,69.99,7,6,1),
(1110,20005000,59.99,10,2,1),
(1110,20005001,59.99,10,3,0),
(1110,20005002,49.99,15,0,0),
(1110,20005003,4.49,10,4,1),
(1110,20005004,59.99,7,1,1),
(1110,20005005,40.99,6,5,1),
(1110,20005006,45.99,1,2,1),
(1110,20005007,59.99,15,0,0),
(1110,20005008,59.99,9,4,1),
(1110,20005009,17.99,6,0,1),
(1110,20005010,36.99,2,1,0),
(1110,20005011,54.99,1,5,0),
(1110,20006000,9.99,15,5,1),
(1110,20006001,59.99,7,6,0),
(1110,20006002,59.99,6,4,0),
(1110,20006003,79.99,15,2,0),
(1110,20006004,39.99,4,3,0),
(1110,20006005,59.99,7,2,0),
(1110,20012001,69.99,2,1,0);






insert into shoppers_program values
(100000001,'Dalia','Wilkinson','1983-07-10',"860 Eagle Drive-Auburn NY 13021",'Dalia.Wilkinson@gmail.com',"(393) 838-5118",7481030785724780,9,24,725),
(100000002,'Amiya','Meza','1978-12-21',"22 Country Drive-Salisbury MD 21801",'Amiya.Meza@gmail.com',"(767) 613-8426",1018205160774050,6,24,320),
(100000003,'Jacey','Nielsen','2006-11-24',"55 Windsor St.-Danville VA 24540",'Jacey.Nielsen@gmail.com',"(746) 548-2414",1826551716263830,5,22,274),
(100000004,'Chloe','Keller','1986-09-29',"7985 Windfall Dr.-Eastlake OH 44095",'Chloe.Keller@gmail.com',"(905) 753-2842",1383208452276760,1,24,891),
(100000005,'Rosa','Farrell','1982-12-17',"9186 Paris Hill St.-Lumberton NC 28358",'Rosa.Farrell@gmail.com',"(360) 480-3095",536574283462688,4,24,823),
(100000006,'Kyle','Deleon','1976-01-04',"790 Lake View Lane-Duluth GA 30096",'Kyle.Deleon@gmail.com',"(928) 484-9739",5732378342775410,9,25,706),
(100000007,'Sadie','Rush','1985-01-31',"18 Spruce St.-Clarksville TN 37040",'Sadie.Rush@gmail.com',"(669) 776-7117",7323423685418150,7,25,280),
(100000008,'Holly','Spence','2008-05-12',"7541 Catherine Lane-Sun City AZ 85351",'Holly.Spence@gmail.com',"(533) 882-3857",7801617552733210,2,22,690),
(100000009,'Azul','Juarez','1974-02-10',"6 Baker Drive-Madisonville KY 42431",'Azul.Juarez@gmail.com',"(971) 639-3010",3280373210847800,1,24,602),
(100000010,'Leah','Fox','1996-03-17',"623 Randall Mill Street-Hanover PA 17331",'Leah.Fox@gmail.com',"(991) 973-9068",5604777287637880,10,24,304),
(100000011,'Ashton','Mcclure','1982-11-04',"691 Henry St.-Munster IN 46321",'Ashton.Mcclure@gmail.com',"(644) 611-4163",5104000416582720,4,23,518),
(100000012,'Nathaniel','Liu','1992-10-11',"7397 S. Proctor St.-Hendersonville NC 28792",'Nathaniel.Liu@gmail.com',"(713) 497-8095",2686017883538260,7,22,350),
(100000013,'Allan','Kramer','1974-09-19',"7260 Bishop St.-Passaic NJ 7055",'Allan.Kramer@gmail.com',"(318) 424-3024",1324505627431630,8,22,300),
(100000014,'Randy','Li','1998-05-19',"917 Wild Rose Ave.-Dawsonville GA 30534",'Randy.Li@gmail.com',"(507) 348-9756",8436622357671710,9,23,896),
(100000015,'Adalyn','Elliott','2007-02-19',"95 Pleasant Court-High Point NC 27265",'Adalyn.Elliott@gmail.com',"(460) 861-6604",3785045252621680,2,24,522),
(100000016,'Chandler','Berg','2000-11-17',"37 Southampton Court-Palm Coast FL 32137",'Chandler.Berg@gmail.com',"(958) 550-1859",8057202526272360,3,22,856),
(100000017,'Kayla','Jackson','1979-06-27',"8600 Laurel St.-Florence SC 29501",'Kayla.Jackson@gmail.com',"(313) 769-7069",7132185438653160,6,24,320),
(100000018,'Lilliana','Mckay','1974-02-12',"217 Peg Shop Street-Oak Creek WI 53154",'Lilliana.Mckay@gmail.com',"(920) 612-2944",6278646066056630,7,25,852),
(100000019,'Paityn','Schmidt','1985-02-21',"54 West Pulaski Street-Carmel NY 10512",'Paityn.Schmidt@gmail.com',"(744) 214-2702",2786565547833320,7,23,226),
(100000020,'Elise','Doyle','2000-02-04',"7473 Manor Station Drive-Oxnard CA 93035",'Elise.Doyle@gmail.com',"(704) 762-6824",2375867536143600,8,23,281),
(100000021,'Rohan','Haney','1982-11-02',"9434 North Summit St.-Valdosta GA 31601",'Rohan.Haney@gmail.com',"(417) 930-0049",1110223210504660,11,24,54),
(100000022,'Marcel','Mccormick','1975-02-27',"9874 Branch St.-Alexandria VA 22304",'Marcel.Mccormick@gmail.com',"(347) 589-8217",5057666472407660,3,23,437),
(100000023,'Yaritza','Ochoa','1993-10-12',"37 Ridgeview Street-Leesburg VA 20175",'Yaritza.Ochoa@gmail.com',"(909) 435-8779",41567652174003,5,24,191),
(100000024,'Marco','Huber','1960-12-17',"9098 Summer Street-Jackson Heights NY 11372",'Marco.Huber@gmail.com',"(552) 788-3043",4711340463875880,5,25,814),
(100000025,'Dakota','Conrad','2001-05-08',"848 Bohemia Ave.-Spring Valley NY 10977",'Dakota.Conrad@gmail.com',"(855) 815-3609",4215770578005300,7,22,180),
(100000026,'Parker','Singleton','1997-01-03',"462 West Logan Ave.-Merrimack NH 3054",'Parker.Singleton@gmail.com',"(508) 389-0852",403181877841742,11,25,716),
(100000027,'Jewel','Meadows','1981-10-29',"346 Chestnut Avenue-Salem MA 1970",'Jewel.Meadows@gmail.com',"(293) 870-5414",6531741728466200,2,25,862),
(100000028,'Angel','Yu','1984-09-02',"643 Wakehurst St.-Monroe Township NJ 8831",'Angel.Yu@gmail.com',"(594) 488-8374",1658657241772500,10,24,774),
(100000029,'Demetrius','Cabrera','1988-10-10',"8320 SE. Old York Ave.-Pomona CA 91768",'Demetrius.Cabrera@gmail.com',"(202) 567-4228",3756480641204540,10,22,482),
(100000030,'Nataly','Ingram','2008-03-27',"187 Clay Lane-Hopkinsville KY 42240",'Nataly.Ingram@gmail.com',"(827) 621-9668",7020217157407030,4,24,739),
(100000031,'Marlie','Yoder','1973-08-03',"8179 Carpenter Ave.-Kings Mountain NC 28086",'Marlie.Yoder@gmail.com',"(874) 521-5706",6762735361053330,2,22,15),
(100000032,'Laylah','Colon','1976-01-18',"507 Walnutwood Lane-Livonia MI 48150",'Laylah.Colon@gmail.com',"(877) 421-7854",6443231735615330,3,25,893),
(100000033,'Adelyn','Hoover','2009-09-16',"8211 Wood Ave.-Oshkosh WI 54901",'Adelyn.Hoover@gmail.com',"(834) 459-2689",4161840640038550,6,23,390),
(100000034,'Jacqueline','Nicholson','1996-02-19',"520 S. Williams Ave.-Loxahatchee FL 33470",'Jacqueline.Nicholson@gmail.com',"(719) 612-5148",3634560253236220,7,22,789),
(100000035,'Jaylynn','French','1979-05-19',"960 6th St.-Neptune NJ 7753",'Jaylynn.French@gmail.com',"(256) 411-9387",7014447605606760,7,24,855),
(100000036,'Malia','Murray','1981-10-30',"291 Somerset St.-Beverly MA 1915",'Malia.Murray@gmail.com',"(836) 847-2325",1650537035045800,3,23,676),
(100000037,'Tori','Montgomery','1987-04-03',"124 Henry St.-Arlington Heights IL 60004",'Tori.Montgomery@gmail.com',"(419) 523-1770",7122338250722850,2,22,192),
(100000038,'Kelton','Rich','1996-08-10',"7678 Gartner St.-Port Saint Lucie FL 34952",'Kelton.Rich@gmail.com',"(606) 451-5855",8756834142810050,11,22,768),
(100000039,'Dayanara','Mcmillan','1981-04-18',"1 Linda Rd.-Moncks Corner SC 29461",'Dayanara.Mcmillan@gmail.com',"(988) 829-2214",4236313547413570,3,23,377),
(100000040,'Abby','Blankenship','1963-03-28',"8433 E. Yukon Ave.-Coatesville PA 19320",'Abby.Blankenship@gmail.com',"(636) 839-6364",3874645547406410,1,23,469),
(100000041,'Ean','Arellano','1972-04-11',"7363 Paris Hill Street-Brentwood NY 11717",'Ean.Arellano@gmail.com',"(611) 405-6009",6651865761734380,8,24,744),
(100000042,'Jamya','Schmidt','2007-06-25',"33 Lakewood St.-Windsor CT 6095",'Jamya.Schmidt@gmail.com',"(438) 960-3824",4508843236466060,5,24,915),
(100000043,'Kamari','Howard','1992-12-01',"23 Rose Ave.-Hope Mills NC 28348",'Kamari.Howard@gmail.com',"(597) 270-4372",8712270476001070,5,24,188),
(100000044,'Elliana','Hurley','1965-02-10',"137 Sutor Dr.-Andover MA 1810",'Elliana.Hurley@gmail.com',"(845) 944-7778",2617244674336880,3,24,98),
(100000045,'Russell','Jenkins','2003-02-15',"721 St Louis Drive-Marlton NJ 8053",'Russell.Jenkins@gmail.com',"(201) 448-7695",4665047763251720,1,24,208),
(100000046,'Ariel','Mcmahon','1969-08-18',"8812 Euclid Lane-West Hempstead NY 11552",'Ariel.Mcmahon@gmail.com',"(234) 712-0503",8538153060154810,1,22,747),
(100000047,'Demetrius','Obrien','1998-01-23',"9479 Ridgeview Road-Traverse City MI 49684",'Demetrius.Obrien@gmail.com',"(242) 254-6846",3781712127434880,9,24,426),
(100000048,'Izaiah','Holloway','1971-03-18',"98 Tallwood St.-Marshfield WI 54449",'Izaiah.Holloway@gmail.com',"(341) 516-5986",4223514365827530,8,25,366),
(100000049,'Maia','Schwartz','1961-11-17',"698 Arlington Street-Princeton NJ 8540",'Maia.Schwartz@gmail.com',"(286) 691-5640",7655478745372850,11,23,513),
(100000050,'Londyn','Lewis','1992-08-09',"862 W. Gartner Lane-Plainfield NJ 7060",'Londyn.Lewis@gmail.com',"(661) 651-8865",3404861520842600,5,25,380),
(100000051,'Jamie','Brady','1974-08-16',"383 Fairfield Street-Allentown PA 18102",'Jamie.Brady@gmail.com',"(361) 415-5319",6048503744535430,12,25,475),
(100000052,'Kaia','Simmons','1973-05-19',"9598 Bellevue Court-Baldwin NY 11510",'Kaia.Simmons@gmail.com',"(488) 892-9656",7123824643110750,4,25,252),
(100000053,'Zander','Kelley','1986-07-05',"6 Grand Ave.-Valparaiso IN 46383",'Zander.Kelley@gmail.com',"(818) 367-6645",8017656408538430,12,23,395),
(100000054,'Fabian','Mendez','1989-08-23',"66 Cleveland Street-Madison Heights MI 48071",'Fabian.Mendez@gmail.com',"(348) 638-9812",7351806361524840,9,25,73),
(100000055,'Catalina','Rollins','1989-03-02',"8801 Fairway St.-Lindenhurst NY 11757",'Catalina.Rollins@gmail.com',"(820) 517-5801",3201525252155670,8,24,240),
(100000056,'Jaylin','Landry','1992-09-04',"75 Hillside St.-Lawndale CA 90260",'Jaylin.Landry@gmail.com',"(367) 496-8774",428136871728606,4,23,683),
(100000057,'Yadiel','Richard','1997-06-29',"8404 Sage Street-Littleton CO 80123",'Yadiel.Richard@gmail.com',"(411) 970-6449",5217641441806330,5,24,880),
(100000058,'Dominique','Lam','1969-03-15',"516 Sunset Ave.-Ashland OH 44805",'Dominique.Lam@gmail.com',"(848) 761-0562",6240151262882510,4,25,718),
(100000059,'Miriam','Long','2006-10-30',"7711 Cooper Drive-Lombard IL 60148",'Miriam.Long@gmail.com',"(958) 803-2087",7356677866058740,10,23,775),
(100000060,'Ayla','Meyer','1970-09-22',"7687 Marvon Street-Fort Wayne IN 46804",'Ayla.Meyer@gmail.com',"(350) 594-0702",3811663546123820,8,24,293),
(100000061,'Rebecca','Ochoa','1964-10-17',"8981 Elizabeth Lane-Bedford OH 44146",'Rebecca.Ochoa@gmail.com',"(857) 489-3211",247060420465742,6,22,548),
(100000062,'Waylon','Garrison','1979-07-06',"85 West Lilac Drive-Jersey City NJ 7302",'Waylon.Garrison@gmail.com',"(568) 552-8247",2567851606782170,1,24,703),
(100000063,'Steven','Mueller','2003-08-19',"9439 Southampton St.-Hampton VA 23666",'Steven.Mueller@gmail.com',"(470) 385-5942",6068371221024810,4,25,893),
(100000064,'Armani','Mays','1975-10-24',"916 Riverside Dr.-Mishawaka IN 46544",'Armani.Mays@gmail.com',"(446) 868-2843",6006833506106420,9,24,657),
(100000065,'Paisley','Peters','1973-04-14',"26 South Creekside Lane-Westerville OH 43081",'Paisley.Peters@gmail.com',"(971) 959-6109",814485542484642,2,24,615),
(100000066,'Rhys','Rowe','2004-09-15',"31 St Louis Court-Schaumburg IL 60193",'Rhys.Rowe@gmail.com',"(575) 839-8435",2568480633214680,5,22,382),
(100000067,'Urijah','Schwartz','1967-04-29',"9178 Holly Dr.-Gastonia NC 28052",'Urijah.Schwartz@gmail.com',"(345) 996-6021",4578301446111700,10,24,686),
(100000068,'Davion','Garcia','2008-07-29',"9122 Second Court-Cantonment FL 32533",'Davion.Garcia@gmail.com',"(926) 641-2607",3378825625606300,12,25,677),
(100000069,'Dylan','Lam','1989-11-27',"249 San Carlos St.-Green Cove Springs FL 32043",'Dylan.Lam@gmail.com',"(406) 482-9341",5151334752686610,6,24,202),
(100000070,'Londyn','Mills','1971-07-07',"62 Sunnyslope Drive-Haines City FL 33844",'Londyn.Mills@gmail.com',"(889) 640-4412",416716812214326,12,25,831),
(100000071,'Tate','Bender','2006-04-24',"72 Oakwood Ave.-Yorktown Heights NY 10598",'Tate.Bender@gmail.com',"(525) 606-0923",6472182364155770,7,25,220),
(100000072,'Neil','Lopez','2003-03-18',"375 Nichols Ave.-Evanston IL 60201",'Neil.Lopez@gmail.com',"(258) 884-6605",2846117542524550,1,24,597),
(100000073,'Kameron','Mclaughlin','1965-04-10',"869 Hartford Drive-Holly Springs NC 27540",'Kameron.Mclaughlin@gmail.com',"(758) 991-2540",1811373873324410,9,24,5),
(100000074,'Lee','Wright','1966-08-12',"7 E. San Juan Road-Beachwood OH 44122",'Lee.Wright@gmail.com',"(412) 533-6143",3825510510620420,5,23,157),
(100000075,'Odin','Douglas','1995-04-30',"472 South Clinton Ave.-Uniondale NY 11553",'Odin.Douglas@gmail.com',"(894) 484-0987",6573820538874140,10,24,296),
(100000076,'Holden','Lozano','1975-08-07',"8643 Kingston St.-La Porte IN 46350",'Holden.Lozano@gmail.com',"(407) 929-5593",8473622752731210,1,23,814),
(100000077,'Alisha','Snow','1977-06-08',"981 Greenrose Street-Meadville PA 16335",'Alisha.Snow@gmail.com',"(409) 414-4092",4022136326621830,7,23,235),
(100000078,'Gabriela','Lowe','1988-02-14',"671 Clay Rd.-Palm City FL 34990",'Gabriela.Lowe@gmail.com',"(491) 211-7005",8426086015152230,10,23,911),
(100000079,'Jacob','Hammond','1989-11-19',"7176 Berkshire Street-Montgomery Village MD 20886",'Jacob.Hammond@gmail.com',"(591) 826-2177",1332802413663650,6,22,401),
(100000080,'Phoebe','Mueller','2004-10-24',"419 Mill Ave.-Chicopee MA 1020",'Phoebe.Mueller@gmail.com',"(914) 628-2376",3362713500636380,8,22,92),
(100000081,'Elisabeth','Cardenas','1968-01-10',"55 W. Philmont St.-Ontario CA 91762",'Elisabeth.Cardenas@gmail.com',"(515) 730-9476",723522646301631,6,22,451),
(100000082,'Van','Hess','1988-11-02',"70 North Whitemarsh Rd.-Morgantown WV 26508",'Van.Hess@gmail.com',"(972) 337-7030",1118485010244230,6,24,425),
(100000083,'Eileen','Bright','1988-08-28',"21 S. Victoria St.-South Ozone Park NY 11420",'Eileen.Bright@gmail.com',"(395) 708-9528",8217020103570230,11,23,908),
(100000084,'Jovan','Woods','1991-10-28',"8421 Riverside Ave.-Clinton MD 20735",'Jovan.Woods@gmail.com',"(915) 603-9373",3747176120447360,6,22,422),
(100000085,'Elizabeth','Silva','1992-01-17',"166 W. Briarwood Ave.-Pleasanton CA 94566",'Elizabeth.Silva@gmail.com',"(828) 576-5626",8257264606407070,6,24,861),
(100000086,'Krystal','Donovan','1979-02-24',"465 North Durham Rd.-East Northport NY 11731",'Krystal.Donovan@gmail.com',"(466) 933-0638",4020238051571860,1,22,148),
(100000087,'Jonathan','Shannon','2009-05-03',"7353 Pendergast Street-Westfield MA 1085",'Jonathan.Shannon@gmail.com',"(775) 814-2778",4383813244171680,10,24,831),
(100000088,'Bruce','Nguyen','1998-05-26',"105 South Sussex Court-Johnston RI 2919",'Bruce.Nguyen@gmail.com',"(784) 280-0149",440564380418838,12,22,192),
(100000089,'Mohammad','Sullivan','1980-12-04',"808 Temple Ave.-Independence KY 41051",'Mohammad.Sullivan@gmail.com',"(574) 478-8365",8481236216708550,9,25,971),
(100000090,'Aarav','Compton','1995-10-13',"486 Charles Street-Stoughton MA 2072",'Aarav.Compton@gmail.com',"(901) 665-1898",6737661282413730,3,25,580),
(100000091,'Celia','Lutz','1992-08-12',"8269 Railroad Street-Eden Prairie MN 55347",'Celia.Lutz@gmail.com',"(966) 854-9538",5427787141626660,12,23,366),
(100000092,'Alden','Robles','1990-07-20',"28 West Ketch Harbour Lane-North Bergen NJ 7047",'Alden.Robles@gmail.com',"(577) 672-4279",4458053114028850,10,24,438),
(100000093,'Cade','Glenn','1982-09-22',"16 Franklin Drive-Chambersburg PA 17201",'Cade.Glenn@gmail.com',"(343) 863-3688",5860673025642030,10,22,765),
(100000094,'Quinton','Frazier','2004-10-19',"971 Homewood St.-Cranberry Twp PA 16066",'Quinton.Frazier@gmail.com',"(511) 507-9798",3823773872288370,2,22,627),
(100000095,'Mohamed','Pennington','1992-05-05',"3 Maiden Rd.-Englewood NJ 7631",'Mohamed.Pennington@gmail.com',"(396) 732-9469",5323025752343100,9,24,367),
(100000096,'Taylor','Kline','1965-01-02',"8107 Ocean Street-Irvington NJ 7111",'Taylor.Kline@gmail.com',"(287) 669-7472",8251667678025610,10,24,356),
(100000097,'Kiersten','Jacobs','1996-07-08',"625 N. Gates St.-Memphis TN 38106",'Kiersten.Jacobs@gmail.com',"(345) 235-1196",8814022502110650,10,24,846),
(100000098,'Braedon','Russell','1990-06-27',"901 Hartford Circle-Fort Washington MD 20744",'Braedon.Russell@gmail.com',"(700) 713-2796",6546166084048470,8,22,861),
(100000099,'Peyton','Tyler','1982-01-07',"8180 E. Nut Swamp Court-Miami Gardens FL 33056",'Peyton.Tyler@gmail.com',"(795) 754-4218",7223704676015180,3,22,840),
(100000100,'Penelope','Huang','2001-06-28',"1 Dogwood Dr.-Glasgow KY 42141",'Penelope.Huang@gmail.com',"(493) 239-6758",8451406247167540,6,24,202);



insert into shopping_cart
Values
(1000001,100000033,'2021-11-01'::date),
(1000002,100000014,'2021-11-01'::date),
(1000003,100000046,'2021-11-01'::date),
(1000004,100000023,'2021-11-01'::date),
(1000005,100000060,'2021-11-01'::date),
(1000006,100000095,'2021-11-01'::date),
(1000007,100000089,'2021-11-01'::date),
(1000008,100000056,'2021-11-01'::date),
(1000009,100000086,'2021-11-01'::date),
(1000010,100000065,'2021-11-02'::date),
(1000011,100000020,'2021-11-02'::date),
(1000012,100000023,'2021-11-02'::date),
(1000013,100000051,'2021-11-02'::date),
(1000014,100000080,'2021-11-02'::date),
(1000015,100000013,'2021-11-02'::date),
(1000016,100000061,'2021-11-02'::date),
(1000017,100000078,'2021-11-02'::date),
(1000018,100000008,'2021-11-02'::date),
(1000019,100000083,'2021-11-02'::date),
(1000020,100000022,'2021-11-02'::date),
(1000021,100000063,'2021-11-02'::date),
(1000022,100000048,'2021-11-02'::date),
(1000023,100000063,'2021-11-02'::date),
(1000024,100000098,'2021-11-02'::date),
(1000025,100000008,'2021-11-03'::date),
(1000026,100000083,'2021-11-03'::date),
(1000027,100000016,'2021-11-03'::date),
(1000028,100000066,'2021-11-04'::date),
(1000029,100000055,'2021-11-04'::date),
(1000030,100000013,'2021-11-04'::date),
(1000031,100000027,'2021-11-04'::date),
(1000032,100000077,'2021-11-04'::date),
(1000033,100000069,'2021-11-04'::date),
(1000034,100000057,'2021-11-04'::date),
(1000035,100000047,'2021-11-05'::date),
(1000036,100000013,'2021-11-05'::date),
(1000037,100000024,'2021-11-05'::date),
(1000038,100000026,'2021-11-05'::date),
(1000039,100000038,'2021-11-05'::date),
(1000040,100000082,'2021-11-06'::date),
(1000041,100000013,'2021-11-07'::date),
(1000042,100000010,'2021-11-07'::date),
(1000043,100000048,'2021-11-07'::date),
(1000044,100000075,'2021-11-07'::date),
(1000045,100000013,'2021-11-07'::date),
(1000046,100000050,'2021-11-07'::date),
(1000047,100000080,'2021-11-07'::date),
(1000048,100000047,'2021-11-07'::date),
(1000049,100000094,'2021-11-07'::date),
(1000050,100000027,'2021-11-07'::date),
(1000051,100000004,'2021-11-08'::date),
(1000052,100000012,'2021-11-08'::date),
(1000053,100000073,'2021-11-08'::date),
(1000054,100000070,'2021-11-08'::date),
(1000055,100000020,'2021-11-08'::date),
(1000056,100000052,'2021-11-08'::date),
(1000057,100000082,'2021-11-09'::date),
(1000058,100000042,'2021-11-09'::date),
(1000059,100000089,'2021-11-09'::date),
(1000060,100000094,'2021-11-09'::date),
(1000061,100000023,'2021-11-09'::date),
(1000062,100000038,'2021-11-09'::date),
(1000063,100000087,'2021-11-09'::date),
(1000064,100000034,'2021-11-10'::date),
(1000065,100000097,'2021-11-10'::date),
(1000066,100000058,'2021-11-10'::date),
(1000067,100000025,'2021-11-10'::date),
(1000068,100000032,'2021-11-10'::date),
(1000069,100000049,'2021-11-10'::date),
(1000070,100000004,'2021-11-10'::date),
(1000071,100000083,'2021-11-12'::date),
(1000072,100000064,'2021-11-12'::date),
(1000073,100000028,'2021-11-12'::date),
(1000074,100000042,'2021-11-12'::date),
(1000075,100000022,'2021-11-12'::date),
(1000076,100000047,'2021-11-13'::date),
(1000077,100000057,'2021-11-13'::date),
(1000078,100000071,'2021-11-13'::date),
(1000079,100000017,'2021-11-13'::date),
(1000080,100000036,'2021-11-13'::date),
(1000081,100000065,'2021-11-13'::date),
(1000082,100000024,'2021-11-13'::date),
(1000083,100000026,'2021-11-14'::date),
(1000084,100000058,'2021-11-14'::date),
(1000085,100000044,'2021-11-14'::date),
(1000086,100000044,'2021-11-14'::date),
(1000087,100000026,'2021-11-14'::date),
(1000088,100000064,'2021-11-14'::date),
(1000089,100000024,'2021-11-15'::date),
(1000090,100000025,'2021-11-15'::date),
(1000091,100000048,'2021-11-15'::date),
(1000092,100000096,'2021-11-15'::date),
(1000093,100000060,'2021-11-15'::date),
(1000094,100000070,'2021-11-16'::date),
(1000095,100000084,'2021-11-16'::date),
(1000096,100000039,'2021-11-16'::date),
(1000097,100000099,'2021-11-16'::date),
(1000098,100000063,'2021-11-16'::date),
(1000099,100000077,'2021-11-16'::date),
(1000100,100000083,'2021-11-16'::date);



insert into cart_detail
Values
(10000000,1450,1000001,10002008,2,'2021-11-01'::date),
(10000001,1450,1000001,10001004,2,'2021-11-01'::date),
(10000002,1930,1000002,20006004,1,'2021-11-01'::date),
(10000003,1930,1000002,30001006,2,'2021-11-01'::date),
(10000004,1930,1000002,30001016,1,'2021-11-01'::date),
(10000005,1930,1000002,10002002,1,'2021-11-01'::date),
(10000006,1840,1000003,20006001,2,'2021-11-01'::date),
(10000007,1840,1000003,10002010,2,'2021-11-01'::date),
(10000008,1260,1000004,10003002,1,'2021-11-01'::date),
(10000009,1260,1000004,10003004,1,'2021-11-01'::date),
(10000010,1260,1000004,20001000,2,'2021-11-01'::date),
(10000011,1260,1000004,10004001,1,'2021-11-01'::date),
(10000012,1180,1000005,20006005,1,'2021-11-01'::date),
(10000013,1180,1000005,10004001,1,'2021-11-01'::date),
(10000014,1570,1000006,30001009,1,'2021-11-01'::date),
(10000015,1570,1000006,20001001,1,'2021-11-01'::date),
(10000016,1570,1000006,10001010,1,'2021-11-01'::date),
(10000017,1350,1000007,10001010,2,'2021-11-01'::date),
(10000018,1350,1000007,10001006,2,'2021-11-01'::date),
(10000019,1350,1000007,20005004,1,'2021-11-01'::date),
(10000020,1350,1000007,20006000,1,'2021-11-01'::date),
(10000021,1450,1000008,20005008,1,'2021-11-01'::date),
(10000022,1090,1000009,30001019,1,'2021-11-01'::date),
(10000023,1090,1000009,30001005,1,'2021-11-01'::date),
(10000024,1090,1000009,10002004,1,'2021-11-01'::date),
(10000025,1090,1000009,10002010,2,'2021-11-01'::date),
(10000026,1430,1000010,10001001,2,'2021-11-02'::date),
(10000027,1430,1000010,30001018,1,'2021-11-02'::date),
(10000028,1430,1000010,10003002,1,'2021-11-02'::date),
(10000029,1430,1000010,20001000,2,'2021-11-02'::date),
(10000030,1240,1000011,30001015,2,'2021-11-02'::date),
(10000031,1590,1000012,20001006,1,'2021-11-02'::date),
(10000032,1590,1000012,30001000,1,'2021-11-02'::date),
(10000033,1020,1000013,10002010,1,'2021-11-02'::date),
(10000034,1020,1000013,30001007,2,'2021-11-02'::date),
(10000035,1020,1000013,10002003,1,'2021-11-02'::date),
(10000036,1010,1000014,30001000,2,'2021-11-02'::date),
(10000037,1010,1000014,20001006,2,'2021-11-02'::date),
(10000038,1840,1000015,10001010,2,'2021-11-02'::date),
(10000039,1180,1000016,20012008,2,'2021-11-02'::date),
(10000040,1180,1000016,10003007,1,'2021-11-02'::date),
(10000041,1920,1000017,10004001,2,'2021-11-02'::date),
(10000042,1230,1000018,20005007,1,'2021-11-02'::date),
(10000043,1230,1000018,20001008,1,'2021-11-02'::date),
(10000044,1110,1000019,10001008,2,'2021-11-02'::date),
(10000045,1110,1000019,30001013,2,'2021-11-02'::date),
(10000046,1110,1000019,20005004,2,'2021-11-02'::date),
(10000047,1810,1000020,30001016,2,'2021-11-02'::date),
(10000048,1810,1000020,20012007,1,'2021-11-02'::date),
(10000049,1200,1000021,10003003,1,'2021-11-02'::date),
(10000050,1200,1000021,10003001,1,'2021-11-02'::date),
(10000051,1440,1000022,30001008,1,'2021-11-02'::date),
(10000052,1440,1000022,20006001,1,'2021-11-02'::date),
(10000053,1440,1000022,10003003,2,'2021-11-02'::date),
(10000054,1440,1000022,20001008,1,'2021-11-02'::date),
(10000055,1290,1000023,10003001,2,'2021-11-02'::date),
(10000056,1290,1000023,30001013,2,'2021-11-02'::date),
(10000057,1290,1000023,10002006,1,'2021-11-02'::date),
(10000058,1200,1000024,20001005,2,'2021-11-02'::date),
(10000059,1200,1000024,30001008,2,'2021-11-02'::date),
(10000060,1200,1000024,20012005,1,'2021-11-02'::date),
(10000061,1200,1000024,20005010,2,'2021-11-02'::date),
(10000062,1670,1000025,20012014,2,'2021-11-03'::date),
(10000063,1670,1000025,10003003,1,'2021-11-03'::date),
(10000064,1670,1000025,20001005,1,'2021-11-03'::date),
(10000065,1670,1000026,10004001,2,'2021-11-03'::date),
(10000066,1670,1000026,20005011,1,'2021-11-03'::date),
(10000067,1670,1000026,10001010,1,'2021-11-03'::date),
(10000068,1670,1000026,30001014,2,'2021-11-03'::date),
(10000069,1620,1000027,30001000,1,'2021-11-03'::date),
(10000070,1620,1000027,30001006,1,'2021-11-03'::date),
(10000071,1620,1000027,20001005,1,'2021-11-03'::date),
(10000072,1620,1000027,20006000,1,'2021-11-03'::date),
(10000073,1500,1000028,10003002,1,'2021-11-04'::date),
(10000074,1790,1000029,10002001,2,'2021-11-04'::date),
(10000075,1300,1000030,10001004,1,'2021-11-04'::date),
(10000076,1230,1000031,20001006,2,'2021-11-04'::date),
(10000077,1230,1000031,10001009,2,'2021-11-04'::date),
(10000078,1230,1000031,10002007,1,'2021-11-04'::date),
(10000079,1260,1000032,10001007,2,'2021-11-04'::date),
(10000080,1260,1000032,30001014,2,'2021-11-04'::date),
(10000081,1750,1000033,10004001,2,'2021-11-04'::date),
(10000082,1750,1000033,10001001,1,'2021-11-04'::date),
(10000083,1750,1000033,20012008,2,'2021-11-04'::date),
(10000084,1390,1000034,10002003,2,'2021-11-04'::date),
(10000085,1390,1000034,20005011,2,'2021-11-04'::date),
(10000086,1390,1000034,10002006,1,'2021-11-04'::date),
(10000087,1640,1000035,20012008,2,'2021-11-05'::date),
(10000088,1640,1000035,10001010,1,'2021-11-05'::date),
(10000089,1640,1000035,20005010,1,'2021-11-05'::date),
(10000090,1470,1000036,20006004,2,'2021-11-05'::date),
(10000091,1470,1000036,10001001,2,'2021-11-05'::date),
(10000092,1470,1000036,10004001,1,'2021-11-05'::date),
(10000093,1470,1000036,10001003,1,'2021-11-05'::date),
(10000094,1660,1000037,20005005,2,'2021-11-05'::date),
(10000095,1660,1000037,10003003,2,'2021-11-05'::date),
(10000096,1660,1000037,20006002,1,'2021-11-05'::date),
(10000097,1660,1000037,30001012,2,'2021-11-05'::date),
(10000098,1720,1000038,10002001,1,'2021-11-05'::date),
(10000099,1720,1000038,10004001,2,'2021-11-05'::date),
(10000100,1720,1000038,10001006,2,'2021-11-05'::date),
(10000101,1070,1000039,10002009,1,'2021-11-05'::date),
(10000102,1070,1000039,30001002,2,'2021-11-05'::date),
(10000103,1070,1000039,20012013,1,'2021-11-05'::date),
(10000104,1070,1000039,20001004,1,'2021-11-05'::date),
(10000105,1500,1000040,10001002,1,'2021-11-06'::date),
(10000106,1500,1000040,20005000,2,'2021-11-06'::date),
(10000107,1500,1000040,20012009,1,'2021-11-06'::date),
(10000108,1500,1000040,20006004,1,'2021-11-06'::date),
(10000109,1500,1000041,20012009,1,'2021-11-07'::date),
(10000110,1500,1000041,20006005,2,'2021-11-07'::date),
(10000111,1420,1000042,10004001,2,'2021-11-07'::date),
(10000112,1420,1000042,20005010,1,'2021-11-07'::date),
(10000113,1460,1000043,20005010,2,'2021-11-07'::date),
(10000114,1980,1000044,20012010,1,'2021-11-07'::date),
(10000115,1980,1000044,20012011,2,'2021-11-07'::date),
(10000116,1690,1000045,20006003,1,'2021-11-07'::date),
(10000117,1690,1000045,10002005,1,'2021-11-07'::date),
(10000118,1690,1000045,30001002,1,'2021-11-07'::date),
(10000119,1950,1000046,10004001,2,'2021-11-07'::date),
(10000120,1950,1000046,10002007,2,'2021-11-07'::date),
(10000121,1950,1000046,30001000,1,'2021-11-07'::date),
(10000122,1010,1000047,10001005,2,'2021-11-07'::date),
(10000123,1680,1000048,20001005,2,'2021-11-07'::date),
(10000124,1680,1000048,20001003,1,'2021-11-07'::date),
(10000125,1680,1000048,10003002,2,'2021-11-07'::date),
(10000126,1730,1000049,20005005,1,'2021-11-07'::date),
(10000127,1730,1000049,10001009,1,'2021-11-07'::date),
(10000128,1730,1000049,20006000,2,'2021-11-07'::date),
(10000129,1190,1000050,20012012,1,'2021-11-07'::date),
(10000130,1190,1000050,20012013,1,'2021-11-07'::date),
(10000131,1190,1000050,10003005,2,'2021-11-07'::date),
(10000132,1190,1000050,10001004,2,'2021-11-07'::date),
(10000133,1750,1000051,30001001,2,'2021-11-08'::date),
(10000134,1750,1000051,10003008,1,'2021-11-08'::date),
(10000135,1750,1000051,30001010,2,'2021-11-08'::date),
(10000136,1750,1000051,10002002,2,'2021-11-08'::date),
(10000137,1310,1000052,20012011,2,'2021-11-08'::date),
(10000138,1310,1000052,10001003,2,'2021-11-08'::date),
(10000139,1310,1000052,10001010,1,'2021-11-08'::date),
(10000140,1260,1000053,30001009,1,'2021-11-08'::date),
(10000141,1260,1000053,30001012,2,'2021-11-08'::date),
(10000142,1260,1000053,10003002,1,'2021-11-08'::date),
(10000143,1250,1000054,10001009,2,'2021-11-08'::date),
(10000144,1250,1000054,20001004,2,'2021-11-08'::date),
(10000145,1250,1000054,20001005,2,'2021-11-08'::date),
(10000146,1250,1000054,10004001,1,'2021-11-08'::date),
(10000147,1130,1000055,20005002,1,'2021-11-08'::date),
(10000148,1130,1000055,10001001,2,'2021-11-08'::date),
(10000149,1130,1000055,30001005,2,'2021-11-08'::date),
(10000150,1890,1000056,10003003,1,'2021-11-08'::date),
(10000151,1290,1000057,30001005,2,'2021-11-09'::date),
(10000152,1290,1000057,20005002,2,'2021-11-09'::date),
(10000153,1900,1000058,30001016,2,'2021-11-09'::date),
(10000154,1900,1000058,20012001,1,'2021-11-09'::date),
(10000155,1970,1000059,30001013,2,'2021-11-09'::date),
(10000156,1970,1000059,30001008,2,'2021-11-09'::date),
(10000157,1970,1000059,30001005,2,'2021-11-09'::date),
(10000158,1970,1000059,20001007,2,'2021-11-09'::date),
(10000159,1160,1000060,30001002,2,'2021-11-09'::date),
(10000160,1160,1000060,30001020,2,'2021-11-09'::date),
(10000161,1160,1000060,20005005,2,'2021-11-09'::date),
(10000162,1160,1000060,20006005,1,'2021-11-09'::date),
(10000163,1320,1000061,30001016,2,'2021-11-09'::date),
(10000164,1320,1000061,20005004,2,'2021-11-09'::date),
(10000165,1320,1000061,20006002,2,'2021-11-09'::date),
(10000166,1670,1000062,10002004,1,'2021-11-09'::date),
(10000167,1330,1000063,20012001,2,'2021-11-09'::date),
(10000168,1330,1000063,10002005,1,'2021-11-09'::date),
(10000169,1330,1000063,20001000,1,'2021-11-09'::date),
(10000170,1330,1000063,30001016,2,'2021-11-09'::date),
(10000171,1510,1000064,10002006,1,'2021-11-10'::date),
(10000172,1510,1000064,30001007,1,'2021-11-10'::date),
(10000173,1510,1000064,20012012,2,'2021-11-10'::date),
(10000174,1510,1000064,10003008,2,'2021-11-10'::date),
(10000175,1160,1000065,30001014,2,'2021-11-10'::date),
(10000176,1160,1000065,10003008,2,'2021-11-10'::date),
(10000177,1160,1000065,20001007,2,'2021-11-10'::date),
(10000178,1160,1000065,10003004,1,'2021-11-10'::date),
(10000179,1460,1000066,30001009,1,'2021-11-10'::date),
(10000180,1460,1000066,20005002,2,'2021-11-10'::date),
(10000181,1200,1000067,10004001,1,'2021-11-10'::date),
(10000182,1200,1000067,20012011,2,'2021-11-10'::date),
(10000183,1510,1000068,30001012,1,'2021-11-10'::date),
(10000184,1510,1000068,10003004,1,'2021-11-10'::date),
(10000185,1890,1000069,10001006,1,'2021-11-10'::date),
(10000186,1890,1000069,20012013,2,'2021-11-10'::date),
(10000187,1890,1000069,20012007,2,'2021-11-10'::date),
(10000188,1250,1000070,20005011,1,'2021-11-10'::date),
(10000189,1250,1000070,30001001,1,'2021-11-10'::date),
(10000190,1130,1000071,30001017,1,'2021-11-12'::date),
(10000191,1530,1000072,10003003,2,'2021-11-12'::date),
(10000192,1530,1000072,30001005,2,'2021-11-12'::date),
(10000193,1530,1000072,10001005,1,'2021-11-12'::date),
(10000194,1400,1000073,20001003,1,'2021-11-12'::date),
(10000195,1400,1000073,20006005,1,'2021-11-12'::date),
(10000196,1400,1000073,20005001,1,'2021-11-12'::date),
(10000197,1400,1000073,30001011,2,'2021-11-12'::date),
(10000198,1180,1000074,10004001,1,'2021-11-12'::date),
(10000199,1180,1000074,10004001,2,'2021-11-12'::date),
(10000200,1460,1000075,10004001,2,'2021-11-12'::date),
(10000201,1460,1000075,30001007,2,'2021-11-12'::date),
(10000202,1460,1000075,20001008,1,'2021-11-12'::date),
(10000203,1150,1000076,10002005,2,'2021-11-13'::date),
(10000204,1400,1000077,30001005,2,'2021-11-13'::date),
(10000205,1400,1000077,20012012,1,'2021-11-13'::date),
(10000206,1840,1000078,20005004,1,'2021-11-13'::date),
(10000207,1840,1000078,20001007,1,'2021-11-13'::date),
(10000208,1840,1000078,10003003,2,'2021-11-13'::date),
(10000209,1840,1000078,20005010,1,'2021-11-13'::date),
(10000210,1430,1000079,20005005,2,'2021-11-13'::date),
(10000211,1430,1000079,30001002,2,'2021-11-13'::date),
(10000212,1430,1000079,10002002,1,'2021-11-13'::date),
(10000213,1430,1000079,20005009,2,'2021-11-13'::date),
(10000214,1820,1000080,20001000,1,'2021-11-13'::date),
(10000215,1820,1000080,20006004,2,'2021-11-13'::date),
(10000216,1740,1000081,10001001,1,'2021-11-13'::date),
(10000217,1740,1000081,10004001,1,'2021-11-13'::date),
(10000218,1740,1000081,20005001,1,'2021-11-13'::date),
(10000219,1280,1000082,10002010,1,'2021-11-13'::date),
(10000220,1840,1000083,10002004,1,'2021-11-14'::date),
(10000221,1840,1000083,30001005,2,'2021-11-14'::date),
(10000222,1840,1000083,20001000,1,'2021-11-14'::date),
(10000223,1800,1000084,10002007,1,'2021-11-14'::date),
(10000224,1010,1000085,30001016,1,'2021-11-14'::date),
(10000225,1860,1000086,20005006,1,'2021-11-14'::date),
(10000226,1100,1000087,30001008,2,'2021-11-14'::date),
(10000227,1860,1000088,10004001,1,'2021-11-14'::date),
(10000228,1860,1000088,20006003,1,'2021-11-14'::date),
(10000229,1830,1000089,20001006,1,'2021-11-15'::date),
(10000230,1830,1000089,20006004,1,'2021-11-15'::date),
(10000231,1350,1000090,30001006,1,'2021-11-15'::date),
(10000232,1350,1000090,20012001,2,'2021-11-15'::date),
(10000233,1350,1000090,10002002,2,'2021-11-15'::date),
(10000234,1350,1000090,30001005,2,'2021-11-15'::date),
(10000235,1820,1000091,30001018,1,'2021-11-15'::date),
(10000236,1820,1000091,20001000,2,'2021-11-15'::date),
(10000237,1820,1000091,10003001,1,'2021-11-15'::date),
(10000238,1480,1000092,20005006,1,'2021-11-15'::date),
(10000239,1480,1000092,10002004,2,'2021-11-15'::date),
(10000240,1480,1000092,20006004,2,'2021-11-15'::date),
(10000241,1090,1000093,10002002,2,'2021-11-15'::date),
(10000242,1090,1000093,20005003,2,'2021-11-15'::date),
(10000243,1090,1000093,10002006,1,'2021-11-15'::date),
(10000244,1090,1000093,10003007,2,'2021-11-15'::date),
(10000245,1850,1000094,20006000,2,'2021-11-16'::date),
(10000246,1250,1000095,10001007,2,'2021-11-16'::date),
(10000247,1170,1000096,20005008,2,'2021-11-16'::date),
(10000248,1170,1000096,30001003,2,'2021-11-16'::date),
(10000249,1450,1000097,10001010,1,'2021-11-16'::date),
(10000250,1450,1000097,30001003,1,'2021-11-16'::date),
(10000251,1010,1000098,10001002,1,'2021-11-16'::date),
(10000252,1010,1000098,20006004,1,'2021-11-16'::date),
(10000253,1840,1000099,20005005,1,'2021-11-16'::date),
(10000254,1540,1000100,20006001,2,'2021-11-16'::date),
(10000255,1540,1000100,30001009,1,'2021-11-16'::date),
(10000256,1540,1000100,30001014,1,'2021-11-16'::date),
(10000257,1540,1000100,30001002,1,'2021-11-16'::date);
